-- --------------------------------------------------------
-- Host:                         127.0.0.1
-- Server version:               10.5.9-MariaDB - mariadb.org binary distribution
-- Server OS:                    Win64
-- HeidiSQL Version:             11.0.0.5919
-- --------------------------------------------------------

/*!40101 SET @OLD_CHARACTER_SET_CLIENT=@@CHARACTER_SET_CLIENT */;
/*!40101 SET NAMES utf8 */;
/*!50503 SET NAMES utf8mb4 */;
/*!40014 SET @OLD_FOREIGN_KEY_CHECKS=@@FOREIGN_KEY_CHECKS, FOREIGN_KEY_CHECKS=0 */;
/*!40101 SET @OLD_SQL_MODE=@@SQL_MODE, SQL_MODE='NO_AUTO_VALUE_ON_ZERO' */;


-- Dumping database structure for tenmansstatistics
CREATE DATABASE IF NOT EXISTS `tenmansstatistics` /*!40100 DEFAULT CHARACTER SET latin1 COLLATE latin1_general_ci */;
USE `tenmansstatistics`;

-- Dumping structure for table tenmansstatistics.auth_group
CREATE TABLE IF NOT EXISTS `auth_group` (
  `id` int(11) NOT NULL AUTO_INCREMENT,
  `name` varchar(150) COLLATE latin1_general_ci NOT NULL,
  PRIMARY KEY (`id`),
  UNIQUE KEY `name` (`name`)
) ENGINE=InnoDB DEFAULT CHARSET=latin1 COLLATE=latin1_general_ci;

-- Dumping data for table tenmansstatistics.auth_group: ~0 rows (approximately)
/*!40000 ALTER TABLE `auth_group` DISABLE KEYS */;
/*!40000 ALTER TABLE `auth_group` ENABLE KEYS */;

-- Dumping structure for table tenmansstatistics.auth_group_permissions
CREATE TABLE IF NOT EXISTS `auth_group_permissions` (
  `id` int(11) NOT NULL AUTO_INCREMENT,
  `group_id` int(11) NOT NULL,
  `permission_id` int(11) NOT NULL,
  PRIMARY KEY (`id`),
  UNIQUE KEY `auth_group_permissions_group_id_permission_id_0cd325b0_uniq` (`group_id`,`permission_id`),
  KEY `auth_group_permissio_permission_id_84c5c92e_fk_auth_perm` (`permission_id`),
  CONSTRAINT `auth_group_permissio_permission_id_84c5c92e_fk_auth_perm` FOREIGN KEY (`permission_id`) REFERENCES `auth_permission` (`id`),
  CONSTRAINT `auth_group_permissions_group_id_b120cbf9_fk_auth_group_id` FOREIGN KEY (`group_id`) REFERENCES `auth_group` (`id`)
) ENGINE=InnoDB DEFAULT CHARSET=latin1 COLLATE=latin1_general_ci;

-- Dumping data for table tenmansstatistics.auth_group_permissions: ~0 rows (approximately)
/*!40000 ALTER TABLE `auth_group_permissions` DISABLE KEYS */;
/*!40000 ALTER TABLE `auth_group_permissions` ENABLE KEYS */;

-- Dumping structure for table tenmansstatistics.auth_permission
CREATE TABLE IF NOT EXISTS `auth_permission` (
  `id` int(11) NOT NULL AUTO_INCREMENT,
  `name` varchar(255) COLLATE latin1_general_ci NOT NULL,
  `content_type_id` int(11) NOT NULL,
  `codename` varchar(100) COLLATE latin1_general_ci NOT NULL,
  PRIMARY KEY (`id`),
  UNIQUE KEY `auth_permission_content_type_id_codename_01ab375a_uniq` (`content_type_id`,`codename`),
  CONSTRAINT `auth_permission_content_type_id_2f476e4b_fk_django_co` FOREIGN KEY (`content_type_id`) REFERENCES `django_content_type` (`id`)
) ENGINE=InnoDB AUTO_INCREMENT=53 DEFAULT CHARSET=latin1 COLLATE=latin1_general_ci;

-- Dumping data for table tenmansstatistics.auth_permission: ~52 rows (approximately)
/*!40000 ALTER TABLE `auth_permission` DISABLE KEYS */;
INSERT IGNORE INTO `auth_permission` (`id`, `name`, `content_type_id`, `codename`) VALUES
	(1, 'Can add log entry', 1, 'add_logentry'),
	(2, 'Can change log entry', 1, 'change_logentry'),
	(3, 'Can delete log entry', 1, 'delete_logentry'),
	(4, 'Can view log entry', 1, 'view_logentry'),
	(5, 'Can add permission', 2, 'add_permission'),
	(6, 'Can change permission', 2, 'change_permission'),
	(7, 'Can delete permission', 2, 'delete_permission'),
	(8, 'Can view permission', 2, 'view_permission'),
	(9, 'Can add group', 3, 'add_group'),
	(10, 'Can change group', 3, 'change_group'),
	(11, 'Can delete group', 3, 'delete_group'),
	(12, 'Can view group', 3, 'view_group'),
	(13, 'Can add user', 4, 'add_user'),
	(14, 'Can change user', 4, 'change_user'),
	(15, 'Can delete user', 4, 'delete_user'),
	(16, 'Can view user', 4, 'view_user'),
	(17, 'Can add content type', 5, 'add_contenttype'),
	(18, 'Can change content type', 5, 'change_contenttype'),
	(19, 'Can delete content type', 5, 'delete_contenttype'),
	(20, 'Can view content type', 5, 'view_contenttype'),
	(21, 'Can add session', 6, 'add_session'),
	(22, 'Can change session', 6, 'change_session'),
	(23, 'Can delete session', 6, 'delete_session'),
	(24, 'Can view session', 6, 'view_session'),
	(25, 'Can add champion', 7, 'add_champion'),
	(26, 'Can change champion', 7, 'change_champion'),
	(27, 'Can delete champion', 7, 'delete_champion'),
	(28, 'Can view champion', 7, 'view_champion'),
	(29, 'Can add game', 8, 'add_game'),
	(30, 'Can change game', 8, 'change_game'),
	(31, 'Can delete game', 8, 'delete_game'),
	(32, 'Can view game', 8, 'view_game'),
	(33, 'Can add lane', 9, 'add_lane'),
	(34, 'Can change lane', 9, 'change_lane'),
	(35, 'Can delete lane', 9, 'delete_lane'),
	(36, 'Can view lane', 9, 'view_lane'),
	(37, 'Can add player', 10, 'add_player'),
	(38, 'Can change player', 10, 'change_player'),
	(39, 'Can delete player', 10, 'delete_player'),
	(40, 'Can view player', 10, 'view_player'),
	(41, 'Can add game laner', 11, 'add_gamelaner'),
	(42, 'Can change game laner', 11, 'change_gamelaner'),
	(43, 'Can delete game laner', 11, 'delete_gamelaner'),
	(44, 'Can view game laner', 11, 'view_gamelaner'),
	(45, 'Can add game bans', 12, 'add_gamebans'),
	(46, 'Can change game bans', 12, 'change_gamebans'),
	(47, 'Can delete game bans', 12, 'delete_gamebans'),
	(48, 'Can view game bans', 12, 'view_gamebans'),
	(49, 'Can add game ban', 12, 'add_gameban'),
	(50, 'Can change game ban', 12, 'change_gameban'),
	(51, 'Can delete game ban', 12, 'delete_gameban'),
	(52, 'Can view game ban', 12, 'view_gameban');
/*!40000 ALTER TABLE `auth_permission` ENABLE KEYS */;

-- Dumping structure for table tenmansstatistics.auth_user
CREATE TABLE IF NOT EXISTS `auth_user` (
  `id` int(11) NOT NULL AUTO_INCREMENT,
  `password` varchar(128) COLLATE latin1_general_ci NOT NULL,
  `last_login` datetime(6) DEFAULT NULL,
  `is_superuser` tinyint(1) NOT NULL,
  `username` varchar(150) COLLATE latin1_general_ci NOT NULL,
  `first_name` varchar(150) COLLATE latin1_general_ci NOT NULL,
  `last_name` varchar(150) COLLATE latin1_general_ci NOT NULL,
  `email` varchar(254) COLLATE latin1_general_ci NOT NULL,
  `is_staff` tinyint(1) NOT NULL,
  `is_active` tinyint(1) NOT NULL,
  `date_joined` datetime(6) NOT NULL,
  PRIMARY KEY (`id`),
  UNIQUE KEY `username` (`username`)
) ENGINE=InnoDB DEFAULT CHARSET=latin1 COLLATE=latin1_general_ci;

-- Dumping data for table tenmansstatistics.auth_user: ~0 rows (approximately)
/*!40000 ALTER TABLE `auth_user` DISABLE KEYS */;
/*!40000 ALTER TABLE `auth_user` ENABLE KEYS */;

-- Dumping structure for table tenmansstatistics.auth_user_groups
CREATE TABLE IF NOT EXISTS `auth_user_groups` (
  `id` int(11) NOT NULL AUTO_INCREMENT,
  `user_id` int(11) NOT NULL,
  `group_id` int(11) NOT NULL,
  PRIMARY KEY (`id`),
  UNIQUE KEY `auth_user_groups_user_id_group_id_94350c0c_uniq` (`user_id`,`group_id`),
  KEY `auth_user_groups_group_id_97559544_fk_auth_group_id` (`group_id`),
  CONSTRAINT `auth_user_groups_group_id_97559544_fk_auth_group_id` FOREIGN KEY (`group_id`) REFERENCES `auth_group` (`id`),
  CONSTRAINT `auth_user_groups_user_id_6a12ed8b_fk_auth_user_id` FOREIGN KEY (`user_id`) REFERENCES `auth_user` (`id`)
) ENGINE=InnoDB DEFAULT CHARSET=latin1 COLLATE=latin1_general_ci;

-- Dumping data for table tenmansstatistics.auth_user_groups: ~0 rows (approximately)
/*!40000 ALTER TABLE `auth_user_groups` DISABLE KEYS */;
/*!40000 ALTER TABLE `auth_user_groups` ENABLE KEYS */;

-- Dumping structure for table tenmansstatistics.auth_user_user_permissions
CREATE TABLE IF NOT EXISTS `auth_user_user_permissions` (
  `id` int(11) NOT NULL AUTO_INCREMENT,
  `user_id` int(11) NOT NULL,
  `permission_id` int(11) NOT NULL,
  PRIMARY KEY (`id`),
  UNIQUE KEY `auth_user_user_permissions_user_id_permission_id_14a6b632_uniq` (`user_id`,`permission_id`),
  KEY `auth_user_user_permi_permission_id_1fbb5f2c_fk_auth_perm` (`permission_id`),
  CONSTRAINT `auth_user_user_permi_permission_id_1fbb5f2c_fk_auth_perm` FOREIGN KEY (`permission_id`) REFERENCES `auth_permission` (`id`),
  CONSTRAINT `auth_user_user_permissions_user_id_a95ead1b_fk_auth_user_id` FOREIGN KEY (`user_id`) REFERENCES `auth_user` (`id`)
) ENGINE=InnoDB DEFAULT CHARSET=latin1 COLLATE=latin1_general_ci;

-- Dumping data for table tenmansstatistics.auth_user_user_permissions: ~0 rows (approximately)
/*!40000 ALTER TABLE `auth_user_user_permissions` DISABLE KEYS */;
/*!40000 ALTER TABLE `auth_user_user_permissions` ENABLE KEYS */;

-- Dumping structure for table tenmansstatistics.django_admin_log
CREATE TABLE IF NOT EXISTS `django_admin_log` (
  `id` int(11) NOT NULL AUTO_INCREMENT,
  `action_time` datetime(6) NOT NULL,
  `object_id` longtext COLLATE latin1_general_ci DEFAULT NULL,
  `object_repr` varchar(200) COLLATE latin1_general_ci NOT NULL,
  `action_flag` smallint(5) unsigned NOT NULL CHECK (`action_flag` >= 0),
  `change_message` longtext COLLATE latin1_general_ci NOT NULL,
  `content_type_id` int(11) DEFAULT NULL,
  `user_id` int(11) NOT NULL,
  PRIMARY KEY (`id`),
  KEY `django_admin_log_content_type_id_c4bce8eb_fk_django_co` (`content_type_id`),
  KEY `django_admin_log_user_id_c564eba6_fk_auth_user_id` (`user_id`),
  CONSTRAINT `django_admin_log_content_type_id_c4bce8eb_fk_django_co` FOREIGN KEY (`content_type_id`) REFERENCES `django_content_type` (`id`),
  CONSTRAINT `django_admin_log_user_id_c564eba6_fk_auth_user_id` FOREIGN KEY (`user_id`) REFERENCES `auth_user` (`id`)
) ENGINE=InnoDB DEFAULT CHARSET=latin1 COLLATE=latin1_general_ci;

-- Dumping data for table tenmansstatistics.django_admin_log: ~0 rows (approximately)
/*!40000 ALTER TABLE `django_admin_log` DISABLE KEYS */;
/*!40000 ALTER TABLE `django_admin_log` ENABLE KEYS */;

-- Dumping structure for table tenmansstatistics.django_content_type
CREATE TABLE IF NOT EXISTS `django_content_type` (
  `id` int(11) NOT NULL AUTO_INCREMENT,
  `app_label` varchar(100) COLLATE latin1_general_ci NOT NULL,
  `model` varchar(100) COLLATE latin1_general_ci NOT NULL,
  PRIMARY KEY (`id`),
  UNIQUE KEY `django_content_type_app_label_model_76bd3d3b_uniq` (`app_label`,`model`)
) ENGINE=InnoDB AUTO_INCREMENT=13 DEFAULT CHARSET=latin1 COLLATE=latin1_general_ci;

-- Dumping data for table tenmansstatistics.django_content_type: ~12 rows (approximately)
/*!40000 ALTER TABLE `django_content_type` DISABLE KEYS */;
INSERT IGNORE INTO `django_content_type` (`id`, `app_label`, `model`) VALUES
	(1, 'admin', 'logentry'),
	(3, 'auth', 'group'),
	(2, 'auth', 'permission'),
	(4, 'auth', 'user'),
	(5, 'contenttypes', 'contenttype'),
	(6, 'sessions', 'session'),
	(7, 'tenMans', 'champion'),
	(8, 'tenMans', 'game'),
	(12, 'tenMans', 'gameban'),
	(11, 'tenMans', 'gamelaner'),
	(9, 'tenMans', 'lane'),
	(10, 'tenMans', 'player');
/*!40000 ALTER TABLE `django_content_type` ENABLE KEYS */;

-- Dumping structure for table tenmansstatistics.django_migrations
CREATE TABLE IF NOT EXISTS `django_migrations` (
  `id` int(11) NOT NULL AUTO_INCREMENT,
  `app` varchar(255) COLLATE latin1_general_ci NOT NULL,
  `name` varchar(255) COLLATE latin1_general_ci NOT NULL,
  `applied` datetime(6) NOT NULL,
  PRIMARY KEY (`id`)
) ENGINE=InnoDB AUTO_INCREMENT=25 DEFAULT CHARSET=latin1 COLLATE=latin1_general_ci;

-- Dumping data for table tenmansstatistics.django_migrations: ~24 rows (approximately)
/*!40000 ALTER TABLE `django_migrations` DISABLE KEYS */;
INSERT IGNORE INTO `django_migrations` (`id`, `app`, `name`, `applied`) VALUES
	(1, 'contenttypes', '0001_initial', '2021-03-25 19:51:40.338451'),
	(2, 'auth', '0001_initial', '2021-03-25 19:51:40.450554'),
	(3, 'admin', '0001_initial', '2021-03-25 19:51:40.699779'),
	(4, 'admin', '0002_logentry_remove_auto_add', '2021-03-25 19:51:40.758833'),
	(5, 'admin', '0003_logentry_add_action_flag_choices', '2021-03-25 19:51:40.765841'),
	(6, 'contenttypes', '0002_remove_content_type_name', '2021-03-25 19:51:40.806877'),
	(7, 'auth', '0002_alter_permission_name_max_length', '2021-03-25 19:51:40.823892'),
	(8, 'auth', '0003_alter_user_email_max_length', '2021-03-25 19:51:40.839907'),
	(9, 'auth', '0004_alter_user_username_opts', '2021-03-25 19:51:40.846914'),
	(10, 'auth', '0005_alter_user_last_login_null', '2021-03-25 19:51:40.873939'),
	(11, 'auth', '0006_require_contenttypes_0002', '2021-03-25 19:51:40.875941'),
	(12, 'auth', '0007_alter_validators_add_error_messages', '2021-03-25 19:51:40.882948'),
	(13, 'auth', '0008_alter_user_username_max_length', '2021-03-25 19:51:40.898961'),
	(14, 'auth', '0009_alter_user_last_name_max_length', '2021-03-25 19:51:40.913974'),
	(15, 'auth', '0010_alter_group_name_max_length', '2021-03-25 19:51:40.931991'),
	(16, 'auth', '0011_update_proxy_permissions', '2021-03-25 19:51:40.939999'),
	(17, 'auth', '0012_alter_user_first_name_max_length', '2021-03-25 19:51:40.955012'),
	(18, 'sessions', '0001_initial', '2021-03-25 19:51:40.971027'),
	(19, 'tenMans', '0001_initial', '2021-03-25 20:14:35.928122'),
	(20, 'tenMans', '0002_gamebans_gamelaner', '2021-03-25 20:25:19.405270'),
	(21, 'tenMans', '0003_auto_20210325_1717', '2021-03-25 22:17:45.522294'),
	(22, 'tenMans', '0004_auto_20210325_1750', '2021-03-25 22:50:57.355691'),
	(23, 'tenMans', '0005_auto_20210325_1752', '2021-03-25 22:52:04.673634'),
	(24, 'tenMans', '0006_auto_20210325_1802', '2021-03-25 23:02:12.384848');
/*!40000 ALTER TABLE `django_migrations` ENABLE KEYS */;

-- Dumping structure for table tenmansstatistics.django_session
CREATE TABLE IF NOT EXISTS `django_session` (
  `session_key` varchar(40) COLLATE latin1_general_ci NOT NULL,
  `session_data` longtext COLLATE latin1_general_ci NOT NULL,
  `expire_date` datetime(6) NOT NULL,
  PRIMARY KEY (`session_key`),
  KEY `django_session_expire_date_a5c62663` (`expire_date`)
) ENGINE=InnoDB DEFAULT CHARSET=latin1 COLLATE=latin1_general_ci;

-- Dumping data for table tenmansstatistics.django_session: ~0 rows (approximately)
/*!40000 ALTER TABLE `django_session` DISABLE KEYS */;
/*!40000 ALTER TABLE `django_session` ENABLE KEYS */;

-- Dumping structure for table tenmansstatistics.tenmans_champion
CREATE TABLE IF NOT EXISTS `tenmans_champion` (
  `id` int(11) NOT NULL AUTO_INCREMENT,
  `championName` longtext COLLATE latin1_general_ci NOT NULL,
  PRIMARY KEY (`id`),
  UNIQUE KEY `championName` (`championName`) USING HASH
) ENGINE=InnoDB AUTO_INCREMENT=157 DEFAULT CHARSET=latin1 COLLATE=latin1_general_ci;

-- Dumping data for table tenmansstatistics.tenmans_champion: ~156 rows (approximately)
/*!40000 ALTER TABLE `tenmans_champion` DISABLE KEYS */;
INSERT IGNORE INTO `tenmans_champion` (`id`, `championName`) VALUES
	(1, 'Aatrox'),
	(2, 'Ahri'),
	(3, 'Akali'),
	(4, 'Alistar'),
	(5, 'Amumu'),
	(6, 'Anivia'),
	(7, 'Annie'),
	(8, 'Aphelios'),
	(9, 'Ashe'),
	(10, 'Aurelion Sol'),
	(11, 'Azir'),
	(12, 'Bard'),
	(13, 'Blitzcrank'),
	(14, 'Brand'),
	(15, 'Braum'),
	(16, 'Caitlyn'),
	(17, 'Camille'),
	(18, 'Cassiopeia'),
	(19, 'Cho\'Gath'),
	(20, 'Corki'),
	(21, 'Darius'),
	(22, 'Diana'),
	(23, 'Dr. Mundo'),
	(24, 'Draven'),
	(25, 'Ekko'),
	(26, 'Elise'),
	(27, 'Evelynn'),
	(28, 'Ezreal'),
	(29, 'Fiddlesticks'),
	(30, 'Fiora'),
	(31, 'Fizz'),
	(32, 'Galio'),
	(33, 'Gangplank'),
	(34, 'Garen'),
	(35, 'Gnar'),
	(36, 'Gragas'),
	(37, 'Graves'),
	(38, 'Hecarim'),
	(39, 'Heimerdinger'),
	(40, 'Illaoi'),
	(41, 'Irelia'),
	(42, 'Ivern'),
	(43, 'Janna'),
	(44, 'Jarvan IV'),
	(45, 'Jax'),
	(46, 'Jayce'),
	(47, 'Jhin'),
	(48, 'Jinx'),
	(49, 'Kai\'Sa'),
	(50, 'Kalista'),
	(51, 'Karma'),
	(52, 'Karthus'),
	(53, 'Kassadin'),
	(54, 'Katarina'),
	(55, 'Kayle'),
	(56, 'Kayn'),
	(57, 'Kennen'),
	(58, 'Kha\'Zix'),
	(59, 'Kindred'),
	(60, 'Kled'),
	(61, 'Kog\'Maw'),
	(62, 'LeBlanc'),
	(63, 'Lee Sin'),
	(64, 'Leona'),
	(65, 'Lillia'),
	(66, 'Lissandra'),
	(67, 'Lucian'),
	(68, 'Lulu'),
	(69, 'Lux'),
	(70, 'Malphite'),
	(71, 'Malzahar'),
	(72, 'Maokai'),
	(73, 'Master Yi'),
	(74, 'Miss Fortune'),
	(75, 'Mordekaiser'),
	(76, 'Morgana'),
	(77, 'Nami'),
	(78, 'Nasus'),
	(79, 'Nautilus'),
	(80, 'Neeko'),
	(81, 'Nidalee'),
	(82, 'Nocturne'),
	(83, 'Olaf'),
	(84, 'Orianna'),
	(85, 'Ornn'),
	(86, 'Pantheon'),
	(87, 'Poppy'),
	(88, 'Pyke'),
	(89, 'Qiyana'),
	(90, 'Quinn'),
	(91, 'Rakan'),
	(92, 'Rammus'),
	(93, 'Rek\'Sai'),
	(94, 'Rell'),
	(95, 'Renekton'),
	(96, 'Rengar'),
	(97, 'Riven'),
	(98, 'Rumble'),
	(99, 'Ryze'),
	(100, 'Samira'),
	(101, 'Sejuani'),
	(102, 'Senna'),
	(103, 'Seraphine'),
	(104, 'Sett'),
	(105, 'Shaco'),
	(106, 'Shen'),
	(107, 'Shyvana'),
	(108, 'Singed'),
	(109, 'Sion'),
	(110, 'Sivir'),
	(111, 'Skarner'),
	(112, 'Sona'),
	(113, 'Soraka'),
	(114, 'Swain'),
	(115, 'Sylas'),
	(116, 'Syndra'),
	(117, 'Tahm Kench'),
	(118, 'Taliyah'),
	(119, 'Talon'),
	(120, 'Taric'),
	(121, 'Teemo'),
	(122, 'Thresh'),
	(123, 'Tristana'),
	(124, 'Trundle'),
	(125, 'Tryndamere'),
	(126, 'Twisted Fate'),
	(127, 'Twitch'),
	(128, 'Udyr'),
	(129, 'Urgot'),
	(130, 'Varus'),
	(131, 'Vayne'),
	(132, 'Veigar'),
	(133, 'Vel\'Koz'),
	(134, 'Vi'),
	(135, 'Viego'),
	(136, 'Viktor'),
	(137, 'Vladimir'),
	(138, 'Volibear'),
	(139, 'Warwick'),
	(140, 'Wukong'),
	(141, 'Xayah'),
	(142, 'Xerath'),
	(143, 'Xin Zhao'),
	(144, 'Yasuo'),
	(145, 'Yone'),
	(146, 'Yorick'),
	(147, 'Yuumi'),
	(148, 'Zac'),
	(149, 'Zed'),
	(150, 'Ziggs'),
	(151, 'Zilean'),
	(152, 'Zoe'),
	(153, 'Zyra'),
	(154, 'Nunu & Willump'),
	(155, 'No Smite'),
	(156, 'Wrong Champ');
/*!40000 ALTER TABLE `tenmans_champion` ENABLE KEYS */;

-- Dumping structure for table tenmansstatistics.tenmans_game
CREATE TABLE IF NOT EXISTS `tenmans_game` (
  `id` int(11) NOT NULL AUTO_INCREMENT,
  `gameNumber` int(10) unsigned NOT NULL CHECK (`gameNumber` >= 0),
  `gameBlueWins` tinyint(1) NOT NULL,
  `gameRandomTeams` tinyint(1) NOT NULL,
  `gameMemeStatus` tinyint(1) NOT NULL,
  `gameDate` datetime(6) NOT NULL,
  PRIMARY KEY (`id`),
  UNIQUE KEY `gameNumber` (`gameNumber`)
) ENGINE=InnoDB AUTO_INCREMENT=25 DEFAULT CHARSET=latin1 COLLATE=latin1_general_ci;

-- Dumping data for table tenmansstatistics.tenmans_game: ~23 rows (approximately)
/*!40000 ALTER TABLE `tenmans_game` DISABLE KEYS */;
INSERT IGNORE INTO `tenmans_game` (`id`, `gameNumber`, `gameBlueWins`, `gameRandomTeams`, `gameMemeStatus`, `gameDate`) VALUES
	(1, 1, 1, 0, 0, '2020-06-01 00:00:00.000000'),
	(2, 2, 1, 0, 0, '2020-06-01 01:00:00.000000'),
	(3, 3, 1, 0, 0, '2020-06-07 21:04:00.000000'),
	(4, 4, 0, 0, 0, '2020-06-07 21:47:00.000000'),
	(5, 5, 1, 1, 0, '2020-06-07 22:39:00.000000'),
	(6, 6, 1, 0, 0, '2020-06-21 21:19:00.000000'),
	(7, 7, 1, 1, 0, '2020-06-21 22:16:00.000000'),
	(8, 8, 1, 0, 0, '2020-07-21 22:24:00.000000'),
	(9, 9, 1, 0, 0, '2020-07-28 21:35:00.000000'),
	(10, 10, 0, 0, 0, '2020-07-28 22:41:00.000000'),
	(11, 11, 1, 0, 0, '2020-10-18 19:56:00.000000'),
	(12, 12, 0, 0, 1, '2020-10-18 20:36:00.000000'),
	(13, 13, 1, 0, 0, '2020-10-18 21:03:00.000000'),
	(14, 14, 0, 1, 0, '2020-10-18 22:13:00.000000'),
	(15, 15, 0, 0, 0, '2021-02-06 20:47:00.000000'),
	(16, 16, 0, 0, 0, '2021-02-06 21:33:00.000000'),
	(17, 17, 1, 0, 0, '2021-02-06 22:11:00.000000'),
	(18, 18, 0, 0, 1, '2021-02-12 20:41:00.000000'),
	(19, 19, 0, 0, 0, '2021-02-12 21:00:00.000000'),
	(20, 20, 1, 0, 0, '2021-02-12 21:31:00.000000'),
	(22, 21, 1, 0, 0, '2021-02-12 22:31:00.000000'),
	(23, 22, 1, 0, 0, '2021-03-20 20:17:00.000000'),
	(24, 23, 1, 0, 0, '2021-03-20 21:18:00.000000');
/*!40000 ALTER TABLE `tenmans_game` ENABLE KEYS */;

-- Dumping structure for table tenmansstatistics.tenmans_gameban
CREATE TABLE IF NOT EXISTS `tenmans_gameban` (
  `id` int(11) NOT NULL AUTO_INCREMENT,
  `champion_id` int(11) NOT NULL,
  `game_id` int(11) NOT NULL,
  `targetPlayer_id` int(11) DEFAULT NULL,
  PRIMARY KEY (`id`),
  KEY `tenMans_gamebans_champion_id_870fbac4_fk_tenMans_champion_id` (`champion_id`),
  KEY `tenMans_gamebans_game_id_ce721b73_fk_tenMans_game_id` (`game_id`),
  KEY `tenMans_gamebans_targetPlayer_id_37bb2b40_fk_tenMans_player_id` (`targetPlayer_id`),
  CONSTRAINT `tenMans_gamebans_champion_id_870fbac4_fk_tenMans_champion_id` FOREIGN KEY (`champion_id`) REFERENCES `tenmans_champion` (`id`),
  CONSTRAINT `tenMans_gamebans_game_id_ce721b73_fk_tenMans_game_id` FOREIGN KEY (`game_id`) REFERENCES `tenmans_game` (`id`),
  CONSTRAINT `tenMans_gamebans_targetPlayer_id_37bb2b40_fk_tenMans_player_id` FOREIGN KEY (`targetPlayer_id`) REFERENCES `tenmans_player` (`id`)
) ENGINE=InnoDB AUTO_INCREMENT=187 DEFAULT CHARSET=latin1 COLLATE=latin1_general_ci;

-- Dumping data for table tenmansstatistics.tenmans_gameban: ~0 rows (approximately)
/*!40000 ALTER TABLE `tenmans_gameban` DISABLE KEYS */;
INSERT IGNORE INTO `tenmans_gameban` (`id`, `champion_id`, `game_id`, `targetPlayer_id`) VALUES
	(1, 23, 3, 16),
	(2, 121, 3, 5),
	(3, 47, 3, 5),
	(4, 78, 3, 16),
	(5, 39, 3, 7),
	(6, 8, 3, 4),
	(7, 96, 3, 7),
	(8, 64, 3, 10),
	(9, 152, 4, 9),
	(10, 102, 4, 10),
	(11, 25, 4, 9),
	(12, 37, 4, 1),
	(13, 124, 4, 1),
	(14, 139, 4, 7),
	(15, 121, 4, 5),
	(16, 1, 4, 4),
	(17, 29, 4, 7),
	(18, 96, 4, 7),
	(19, 121, 5, 5),
	(20, 39, 5, 7),
	(21, 13, 5, 5),
	(22, 123, 5, 9),
	(23, 74, 5, 9),
	(24, 114, 5, 10),
	(25, 139, 5, 7),
	(26, 68, 5, 10),
	(27, 102, 5, 10),
	(28, 8, 5, 1),
	(29, 114, 6, 10),
	(30, 63, 6, 14),
	(31, 102, 6, 10),
	(32, 149, 6, 14),
	(33, 34, 6, 11),
	(34, 123, 6, 9),
	(35, 25, 6, 9),
	(36, 21, 6, NULL),
	(37, 30, 6, NULL),
	(38, 152, 6, 9),
	(39, 35, 7, NULL),
	(40, 8, 7, 4),
	(41, 144, 7, NULL),
	(42, 150, 7, NULL),
	(43, 114, 7, 10),
	(44, 78, 7, 16),
	(45, 106, 7, NULL),
	(46, 132, 7, 1),
	(47, 21, 7, NULL),
	(48, 114, 8, 10),
	(49, 68, 8, 10),
	(50, 8, 8, 4),
	(51, 28, 8, 4),
	(52, 86, 8, 10),
	(53, 119, 8, 1),
	(54, 47, 8, 5),
	(55, 121, 8, 5),
	(56, 25, 8, NULL),
	(57, 90, 8, NULL),
	(58, 65, 9, 4),
	(59, 138, 9, 4),
	(60, 53, 9, 4),
	(61, 9, 9, 16),
	(62, 144, 9, 1),
	(63, 102, 9, 10),
	(64, 114, 9, 10),
	(65, 121, 9, 5),
	(66, 105, 9, NULL),
	(67, 76, 9, NULL),
	(68, 123, 10, 9),
	(69, 76, 10, NULL),
	(70, 37, 10, 5),
	(71, 6, 10, 13),
	(72, 31, 10, NULL),
	(73, 102, 10, 10),
	(74, 25, 10, NULL),
	(75, 8, 10, 4),
	(76, 53, 10, 4),
	(77, 154, 10, 3),
	(78, 102, 11, 10),
	(79, 53, 11, 4),
	(80, 58, 11, 4),
	(81, 114, 11, 10),
	(82, 14, 11, 10),
	(83, 2, 11, 9),
	(84, 123, 11, 9),
	(85, 121, 11, 5),
	(86, 25, 11, 9),
	(87, 66, 11, 9),
	(88, 121, 13, 5),
	(89, 47, 13, 5),
	(90, 102, 13, 10),
	(91, 69, 13, 11),
	(92, 76, 13, 11),
	(93, 5, 13, 3),
	(94, 2, 13, 9),
	(95, 75, 13, 4),
	(96, 12, 13, 9),
	(97, 53, 13, 4),
	(98, 102, 14, 10),
	(99, 2, 14, 9),
	(100, 123, 14, 9),
	(101, 114, 14, 10),
	(102, 86, 14, 10),
	(103, 121, 14, 5),
	(104, 47, 14, 5),
	(105, 49, 14, 5),
	(106, 64, 14, 10),
	(107, 102, 15, 10),
	(108, 114, 15, 10),
	(109, 4, 15, 10),
	(110, 122, 15, 10),
	(111, 14, 15, 10),
	(112, 1, 15, 13),
	(113, 64, 15, 15),
	(114, 47, 15, 16),
	(115, 80, 15, 15),
	(116, 39, 15, NULL),
	(117, 102, 16, 10),
	(118, 114, 16, 10),
	(119, 47, 16, 16),
	(120, 21, 16, NULL),
	(121, 9, 16, 16),
	(122, 37, 16, 4),
	(123, 80, 16, 15),
	(124, 64, 16, 15),
	(125, 33, 16, 4),
	(126, 89, 16, 2),
	(127, 114, 17, 10),
	(128, 47, 17, 16),
	(129, 111, 17, 3),
	(130, 9, 17, 16),
	(131, 124, 17, 3),
	(132, 64, 17, 15),
	(133, 21, 17, 13),
	(134, 123, 17, 9),
	(135, 28, 17, 9),
	(136, 89, 17, 2),
	(137, 102, 19, 10),
	(138, 1, 19, 13),
	(139, 111, 19, 3),
	(140, 149, 19, 19),
	(141, 11, 19, 19),
	(142, 9, 19, 16),
	(143, 80, 19, 2),
	(144, 25, 19, 9),
	(145, 37, 19, 9),
	(146, 89, 19, 2),
	(147, 111, 20, 3),
	(148, 124, 20, 3),
	(149, 145, 20, 19),
	(150, 70, 20, 11),
	(151, 13, 20, 19),
	(152, 114, 20, 10),
	(153, 102, 20, 10),
	(154, 1, 20, 13),
	(155, 137, 20, 13),
	(156, 113, 20, 10),
	(157, 118, 22, 9),
	(158, 80, 22, 2),
	(159, 25, 22, 9),
	(160, 94, 22, 9),
	(161, 136, 22, 2),
	(162, 114, 22, 10),
	(163, 102, 22, 10),
	(164, 111, 22, 3),
	(165, 149, 22, 13),
	(166, 19, 22, 3),
	(167, 114, 23, 10),
	(168, 121, 23, 5),
	(169, 1, 23, 13),
	(170, 80, 23, 2),
	(171, 137, 23, 2),
	(172, 145, 23, 19),
	(173, 38, 23, 3),
	(174, 111, 23, 3),
	(175, 89, 23, 19),
	(176, 75, 23, NULL),
	(177, 114, 24, 10),
	(178, 128, 24, 10),
	(179, 2, 24, 9),
	(180, 37, 24, 4),
	(181, 75, 24, 4),
	(182, 38, 24, 3),
	(183, 64, 24, 15),
	(184, 121, 24, 5),
	(185, 111, 24, 3),
	(186, 135, 24, 19);
/*!40000 ALTER TABLE `tenmans_gameban` ENABLE KEYS */;

-- Dumping structure for table tenmansstatistics.tenmans_gamelaner
CREATE TABLE IF NOT EXISTS `tenmans_gamelaner` (
  `id` int(11) NOT NULL AUTO_INCREMENT,
  `blueTeam` tinyint(1) NOT NULL,
  `draftOrder` int(10) unsigned DEFAULT NULL,
  `championSelectOrder` int(10) unsigned DEFAULT NULL,
  `champion_id` int(11) NOT NULL,
  `game_id` int(11) NOT NULL,
  `lane_id` int(11) NOT NULL,
  `player_id` int(11) NOT NULL,
  PRIMARY KEY (`id`),
  UNIQUE KEY `tenMans_gamelaner_game_id_lane_id_blueTeam_984bbc36_uniq` (`game_id`,`lane_id`,`blueTeam`),
  KEY `tenMans_gamelaner_champion_id_93f0cb32_fk_tenMans_champion_id` (`champion_id`),
  KEY `tenMans_gamelaner_lane_id_11402ea7_fk_tenMans_lane_id` (`lane_id`),
  KEY `tenMans_gamelaner_player_id_42905831_fk_tenMans_player_id` (`player_id`),
  CONSTRAINT `tenMans_gamelaner_champion_id_93f0cb32_fk_tenMans_champion_id` FOREIGN KEY (`champion_id`) REFERENCES `tenmans_champion` (`id`),
  CONSTRAINT `tenMans_gamelaner_game_id_3a4073f7_fk_tenMans_game_id` FOREIGN KEY (`game_id`) REFERENCES `tenmans_game` (`id`),
  CONSTRAINT `tenMans_gamelaner_lane_id_11402ea7_fk_tenMans_lane_id` FOREIGN KEY (`lane_id`) REFERENCES `tenmans_lane` (`id`),
  CONSTRAINT `tenMans_gamelaner_player_id_42905831_fk_tenMans_player_id` FOREIGN KEY (`player_id`) REFERENCES `tenmans_player` (`id`)
) ENGINE=InnoDB AUTO_INCREMENT=444 DEFAULT CHARSET=latin1 COLLATE=latin1_general_ci;

-- Dumping data for table tenmansstatistics.tenmans_gamelaner: ~212 rows (approximately)
/*!40000 ALTER TABLE `tenmans_gamelaner` DISABLE KEYS */;
INSERT IGNORE INTO `tenmans_gamelaner` (`id`, `blueTeam`, `draftOrder`, `championSelectOrder`, `champion_id`, `game_id`, `lane_id`, `player_id`) VALUES
	(20, 1, 5, NULL, 78, 1, 1, 16),
	(21, 1, NULL, NULL, 93, 1, 2, 4),
	(22, 1, 8, NULL, 6, 1, 3, 13),
	(23, 1, 4, NULL, 47, 1, 4, 14),
	(24, 1, 1, NULL, 122, 1, 5, 1),
	(25, 0, NULL, NULL, 108, 1, 1, 10),
	(26, 0, 2, NULL, 37, 1, 2, 5),
	(27, 0, 6, NULL, 54, 1, 3, 19),
	(28, 0, 3, NULL, 28, 1, 4, 9),
	(29, 0, 7, NULL, 69, 1, 5, 3),
	(30, 1, 6, NULL, 21, 2, 1, 19),
	(31, 1, 3, NULL, 63, 2, 2, 4),
	(32, 1, 7, NULL, 6, 2, 3, 13),
	(33, 1, NULL, NULL, 61, 2, 4, 5),
	(34, 1, 2, NULL, 68, 2, 5, 10),
	(35, 0, 5, NULL, 78, 2, 1, 16),
	(36, 0, 8, NULL, 154, 2, 2, 3),
	(37, 0, 4, NULL, 149, 2, 3, 14),
	(38, 0, NULL, NULL, 123, 2, 4, 9),
	(39, 0, 1, NULL, 76, 2, 5, 1),
	(40, 1, 6, 1, 34, 3, 1, 11),
	(41, 1, 7, 3, 139, 3, 2, 7),
	(42, 1, 3, 6, 152, 3, 3, 9),
	(43, 1, 2, 6, 74, 3, 4, 4),
	(44, 1, NULL, 3, 79, 3, 5, 10),
	(45, 0, 5, 7, 45, 3, 1, 16),
	(46, 0, 8, 2, 154, 3, 2, 3),
	(47, 0, 4, 5, 2, 3, 3, 6),
	(48, 0, NULL, 4, 67, 3, 4, 5),
	(49, 0, 1, 2, 122, 3, 5, 1),
	(50, 1, 7, 3, 34, 4, 1, 11),
	(51, 1, 6, 6, 154, 4, 2, 3),
	(52, 1, 3, 3, 39, 4, 3, 7),
	(53, 1, 2, 1, 47, 4, 4, 5),
	(54, 1, NULL, 6, 153, 4, 5, 4),
	(55, 0, 8, 2, 85, 4, 1, 6),
	(56, 0, 4, 5, 105, 4, 2, 9),
	(57, 0, NULL, 7, 119, 4, 3, 1),
	(58, 0, 5, 2, 9, 4, 4, 16),
	(59, 0, 1, 4, 114, 4, 5, 10),
	(60, 1, NULL, 1, 23, 5, 1, 16),
	(61, 1, NULL, 3, 92, 5, 2, 7),
	(62, 1, NULL, 6, 32, 5, 3, 11),
	(63, 1, NULL, 6, 130, 5, 4, 10),
	(64, 1, NULL, 3, 76, 5, 5, 1),
	(65, 0, NULL, 2, 85, 5, 1, 6),
	(66, 0, NULL, 2, 154, 5, 2, 3),
	(67, 0, NULL, 5, 7, 5, 3, 4),
	(68, 0, NULL, 7, 28, 5, 4, 9),
	(69, 0, NULL, 4, 64, 5, 5, 5),
	(70, 1, 6, 6, 78, 6, 1, 16),
	(71, 1, NULL, 3, 19, 6, 2, 3),
	(72, 1, 8, 6, 31, 6, 3, 19),
	(73, 1, 1, 3, 9, 6, 4, 1),
	(74, 1, 4, 1, 76, 6, 5, 9),
	(75, 0, NULL, 7, 32, 6, 1, 11),
	(76, 0, 5, 4, 56, 6, 2, 14),
	(77, 0, 7, 5, 6, 6, 3, 13),
	(78, 0, 3, 2, 8, 6, 4, 4),
	(79, 0, 2, 2, 122, 6, 5, 10),
	(80, 1, NULL, 6, 146, 7, 1, 13),
	(81, 1, NULL, 3, 19, 7, 2, 3),
	(82, 1, NULL, 6, 25, 7, 3, 1),
	(83, 1, NULL, 1, 9, 7, 4, 16),
	(84, 1, NULL, 3, 102, 7, 5, 10),
	(85, 0, NULL, 2, 34, 7, 1, 11),
	(86, 0, NULL, 2, 29, 7, 2, 19),
	(87, 0, NULL, 7, 11, 7, 3, 14),
	(88, 0, NULL, 5, 28, 7, 4, 9),
	(89, 0, NULL, 4, 12, 7, 5, 4),
	(90, 1, 7, 3, 34, 8, 1, 11),
	(91, 1, NULL, 3, 37, 8, 2, 5),
	(92, 1, 3, 6, 136, 8, 3, 1),
	(93, 1, 2, 6, 9, 8, 4, 14),
	(94, 1, 5, 1, 102, 8, 5, 12),
	(95, 0, 6, 2, 104, 8, 1, 18),
	(96, 0, 8, 2, 154, 8, 2, 3),
	(97, 0, 4, 4, 6, 8, 3, 13),
	(98, 0, NULL, 5, 16, 8, 4, 4),
	(99, 0, 1, 7, 13, 8, 5, 10),
	(100, 1, 8, 3, 85, 9, 1, 6),
	(101, 1, 4, 6, 25, 9, 2, 9),
	(102, 1, 6, 6, 32, 9, 3, 11),
	(103, 1, NULL, 1, 47, 9, 4, 5),
	(104, 1, 1, 3, 79, 9, 5, 10),
	(105, 0, 5, 2, 40, 9, 1, 13),
	(106, 0, 3, 4, 56, 9, 2, 4),
	(107, 0, 2, 7, 142, 9, 3, 1),
	(108, 0, 7, 5, 74, 9, 4, 16),
	(109, 0, NULL, 2, 13, 9, 5, 3),
	(110, 1, 7, 6, 138, 10, 1, 16),
	(111, 1, NULL, 6, 101, 10, 2, 3),
	(112, 1, 3, 1, 121, 10, 3, 1),
	(113, 1, 5, 3, 127, 10, 4, 4),
	(114, 1, 2, 3, 122, 10, 5, 10),
	(115, 0, 8, 5, 85, 10, 1, 6),
	(116, 0, 1, 2, 5, 10, 2, 5),
	(117, 0, NULL, 7, 71, 10, 3, 13),
	(118, 0, 4, 4, 74, 10, 4, 9),
	(119, 0, 6, 2, 69, 10, 5, 11),
	(120, 1, 8, 3, 85, 11, 1, 6),
	(121, 1, 4, 6, 5, 11, 2, 3),
	(122, 1, 6, 1, 69, 11, 3, 19),
	(123, 1, 2, 3, 47, 11, 4, 5),
	(124, 1, NULL, 6, 79, 11, 5, 9),
	(125, 0, NULL, 2, 34, 11, 1, 11),
	(126, 0, 5, 2, 101, 11, 2, 7),
	(127, 0, 7, 7, 84, 11, 3, 4),
	(128, 0, 3, 4, 9, 11, 4, 16),
	(129, 0, 1, 5, 76, 11, 5, 10),
	(130, 1, NULL, NULL, 155, 12, 2, 4),
	(131, 1, 6, 3, 19, 13, 1, 3),
	(132, 1, 8, 3, 139, 13, 2, 7),
	(133, 1, 2, 6, 32, 13, 3, 9),
	(134, 1, 4, 1, 9, 13, 4, 16),
	(135, 1, NULL, 6, 113, 13, 5, 4),
	(136, 0, 5, 2, 85, 13, 1, 6),
	(137, 0, 3, 7, 138, 13, 2, 19),
	(138, 0, 7, 5, 132, 13, 3, 11),
	(139, 0, 1, 4, 49, 13, 4, 5),
	(140, 0, NULL, 2, 114, 13, 5, 10),
	(141, 1, NULL, 6, 85, 14, 1, 6),
	(142, 1, NULL, 3, 37, 14, 2, 4),
	(143, 1, NULL, 6, 137, 14, 3, 13),
	(144, 1, NULL, 3, 9, 14, 4, 16),
	(145, 1, NULL, 1, 132, 14, 5, 5),
	(146, 0, NULL, 2, 34, 14, 1, 11),
	(147, 0, NULL, 4, 5, 14, 2, 3),
	(148, 0, NULL, 2, 3, 14, 3, 9),
	(149, 0, NULL, 5, 28, 14, 4, 14),
	(150, 0, NULL, 7, 14, 14, 5, 10),
	(151, 1, NULL, 3, 21, 15, 1, 13),
	(152, 1, 4, 1, 26, 15, 2, 9),
	(153, 1, 8, 6, 7, 15, 3, 17),
	(154, 1, 3, 3, 9, 15, 4, 16),
	(155, 1, 6, 6, 91, 15, 5, 15),
	(156, 0, 2, 2, 75, 15, 1, 4),
	(157, 0, NULL, 4, 111, 15, 2, 3),
	(158, 0, 5, 2, 136, 15, 3, 2),
	(159, 0, 1, 7, 49, 15, 4, 10),
	(160, 0, 7, 5, 69, 15, 5, 11),
	(161, 1, NULL, 6, 30, 16, 1, 4),
	(162, 1, 6, 3, 139, 16, 2, 11),
	(163, 1, 4, 6, 32, 16, 3, 2),
	(164, 1, 3, 1, 8, 16, 4, 13),
	(165, 1, 8, 3, 69, 16, 5, 15),
	(166, 0, 2, 7, 90, 16, 1, 16),
	(167, 0, 5, 4, 111, 16, 2, 3),
	(168, 0, 7, 2, 7, 16, 3, 17),
	(169, 0, 1, 5, 123, 16, 4, 9),
	(170, 0, NULL, 2, 94, 16, 5, 10),
	(171, 1, 8, 1, 1, 17, 1, 13),
	(172, 1, NULL, 3, 139, 17, 2, 11),
	(173, 1, 4, 3, 80, 17, 3, 2),
	(174, 1, 2, 6, 74, 17, 4, 9),
	(175, 1, 6, 6, 69, 17, 5, 15),
	(176, 0, 3, 2, 33, 17, 1, 4),
	(177, 0, 5, 5, 83, 17, 2, 3),
	(178, 0, 7, 2, 7, 17, 3, 17),
	(179, 0, NULL, 7, 23, 17, 4, 16),
	(180, 0, 1, 4, 102, 17, 5, 10),
	(181, 1, NULL, NULL, 156, 18, 5, 11),
	(182, 1, 6, 3, 55, 19, 1, 20),
	(183, 1, 2, 6, 38, 19, 2, 9),
	(184, 1, 5, 6, 6, 19, 3, 2),
	(185, 1, NULL, 1, 47, 19, 4, 16),
	(186, 1, 4, 3, 76, 19, 5, 11),
	(187, 0, 7, 7, 137, 19, 1, 13),
	(188, 0, 5, 4, 124, 19, 2, 3),
	(189, 0, NULL, 2, 145, 19, 3, 19),
	(190, 0, 3, 5, 123, 19, 4, 8),
	(191, 0, 1, 2, 114, 19, 5, 10),
	(192, 1, 8, 1, 95, 20, 1, 20),
	(193, 1, NULL, 3, 128, 20, 2, 10),
	(194, 1, 6, 3, 89, 20, 3, 2),
	(195, 1, 4, 6, 9, 20, 4, 16),
	(196, 1, 2, 6, 14, 20, 5, 13),
	(197, 0, 1, 2, 30, 20, 1, 19),
	(198, 0, 3, 2, 19, 20, 2, 3),
	(199, 0, NULL, 4, 2, 20, 3, 9),
	(200, 0, 7, 5, 123, 20, 4, 8),
	(201, 0, 5, 7, 69, 20, 5, 11),
	(202, 1, NULL, 3, 95, 22, 1, 20),
	(203, 1, 8, 1, 128, 22, 2, 3),
	(204, 1, 6, 6, 137, 22, 3, 13),
	(205, 1, 4, 3, 9, 22, 4, 16),
	(206, 1, 2, 6, 103, 22, 5, 10),
	(207, 0, 5, 4, 70, 22, 1, 11),
	(208, 0, 1, 2, 135, 22, 2, 19),
	(209, 0, 7, 5, 2, 22, 3, 2),
	(210, 0, NULL, 2, 123, 22, 4, 8),
	(211, 0, 3, 7, 68, 22, 5, 9),
	(212, 1, NULL, 6, 106, 23, 1, 9),
	(213, 1, 6, 1, 138, 23, 2, 3),
	(214, 1, 4, 6, 54, 23, 3, 19),
	(215, 1, 2, 3, 61, 23, 4, 4),
	(216, 1, 8, 3, 64, 23, 5, 15),
	(217, 0, 3, 7, 17, 23, 1, 13),
	(218, 0, NULL, 4, 5, 23, 2, 5),
	(219, 0, 7, 5, 136, 23, 3, 2),
	(220, 0, 5, 2, 9, 23, 4, 16),
	(221, 0, 1, 2, 102, 23, 5, 10),
	(222, 1, 4, 6, 21, 24, 1, 19),
	(223, 1, 3, 6, 138, 24, 2, 3),
	(224, 1, NULL, 3, 80, 24, 3, 2),
	(225, 1, 6, 1, 47, 24, 4, 5),
	(226, 1, 8, 3, 69, 24, 5, 15),
	(227, 0, NULL, 7, 70, 24, 1, 11),
	(228, 0, 5, 5, 44, 24, 2, 4),
	(229, 0, 2, 4, 32, 24, 3, 9),
	(230, 0, 7, 2, 49, 24, 4, 16),
	(231, 0, 1, 2, 102, 24, 5, 10);
/*!40000 ALTER TABLE `tenmans_gamelaner` ENABLE KEYS */;

-- Dumping structure for table tenmansstatistics.tenmans_lane
CREATE TABLE IF NOT EXISTS `tenmans_lane` (
  `id` int(11) NOT NULL AUTO_INCREMENT,
  `laneName` longtext COLLATE latin1_general_ci NOT NULL,
  PRIMARY KEY (`id`),
  UNIQUE KEY `laneName` (`laneName`) USING HASH
) ENGINE=InnoDB AUTO_INCREMENT=6 DEFAULT CHARSET=latin1 COLLATE=latin1_general_ci;

-- Dumping data for table tenmansstatistics.tenmans_lane: ~5 rows (approximately)
/*!40000 ALTER TABLE `tenmans_lane` DISABLE KEYS */;
INSERT IGNORE INTO `tenmans_lane` (`id`, `laneName`) VALUES
	(1, 'Top'),
	(2, 'Jungle'),
	(3, 'Mid'),
	(4, 'Bot'),
	(5, 'Support');
/*!40000 ALTER TABLE `tenmans_lane` ENABLE KEYS */;

-- Dumping structure for table tenmansstatistics.tenmans_player
CREATE TABLE IF NOT EXISTS `tenmans_player` (
  `id` int(11) NOT NULL AUTO_INCREMENT,
  `playerName` longtext COLLATE latin1_general_ci NOT NULL,
  PRIMARY KEY (`id`),
  UNIQUE KEY `playerName` (`playerName`) USING HASH
) ENGINE=InnoDB AUTO_INCREMENT=21 DEFAULT CHARSET=latin1 COLLATE=latin1_general_ci;

-- Dumping data for table tenmansstatistics.tenmans_player: ~20 rows (approximately)
/*!40000 ALTER TABLE `tenmans_player` DISABLE KEYS */;
INSERT IGNORE INTO `tenmans_player` (`id`, `playerName`) VALUES
	(1, 'JZ'),
	(2, 'Arthur'),
	(3, 'Ben'),
	(4, 'Christian'),
	(5, 'Gabe'),
	(6, 'Garrett'),
	(7, 'Griffin'),
	(8, 'Jay'),
	(9, 'John H'),
	(10, 'John V'),
	(11, 'Luke'),
	(12, 'Mario'),
	(13, 'Matthew'),
	(14, 'Nate'),
	(15, 'Nathan'),
	(16, 'Quinn'),
	(17, 'Tanner'),
	(18, 'Tiller'),
	(19, 'Ty'),
	(20, 'Zane');
/*!40000 ALTER TABLE `tenmans_player` ENABLE KEYS */;

/*!40101 SET SQL_MODE=IFNULL(@OLD_SQL_MODE, '') */;
/*!40014 SET FOREIGN_KEY_CHECKS=IF(@OLD_FOREIGN_KEY_CHECKS IS NULL, 1, @OLD_FOREIGN_KEY_CHECKS) */;
/*!40101 SET CHARACTER_SET_CLIENT=@OLD_CHARACTER_SET_CLIENT */;
