[{"model": "marioGolf.player", "pk": 1, "fields": {"playerName": "Luke"}}, {"model": "marioGolf.player", "pk": 2, "fields": {"playerName": "Stephen"}}, {"model": "marioGolf.player", "pk": 3, "fields": {"playerName": "Justin"}}, {"model": "marioGolf.player", "pk": 4, "fields": {"playerName": "Danny"}}, {"model": "marioGolf.player", "pk": 5, "fields": {"playerName": "Ben"}}, {"model": "marioGolf.player", "pk": 6, "fields": {"playerName": "Kenny"}}, {"model": "marioGolf.player", "pk": 7, "fields": {"playerName": "Ian"}}, {"model": "marioGolf.character", "pk": 1, "fields": {"characterName": "Mario", "fullImageName": "mario.webp", "characterPrimaryColor": "#ff0001"}}, {"model": "marioGolf.character", "pk": 2, "fields": {"characterName": "Luigi", "fullImageName": "luigi.webp", "characterPrimaryColor": "#00c100"}}, {"model": "marioGolf.character", "pk": 3, "fields": {"characterName": "Daisy", "fullImageName": "daisy.webp", "characterPrimaryColor": "#ffbe24"}}, {"model": "marioGolf.character", "pk": 4, "fields": {"characterName": "Yoshi", "fullImageName": "yoshi.webp", "characterPrimaryColor": "#36d836"}}, {"model": "marioGolf.character", "pk": 5, "fields": {"characterName": "Bowser", "fullImageName": "bowser.webp", "characterPrimaryColor": "#000000"}}, {"model": "marioGolf.character", "pk": 6, "fields": {"characterName": "Donkey Kong", "fullImageName": "donkeykong.webp", "characterPrimaryColor": "#8b4513"}}, {"model": "marioGolf.character", "pk": 7, "fields": {"characterName": "Chargin' Chuck", "fullImageName": "charginchuck.png", "characterPrimaryColor": "#ffc94a"}}, {"model": "marioGolf.character", "pk": 8, "fields": {"characterName": "King Bob-omb", "fullImageName": "kingbobomb.png", "characterPrimaryColor": "#404040"}}, {"model": "marioGolf.character", "pk": 9, "fields": {"characterName": "Peach", "fullImageName": "peach.webp", "characterPrimaryColor": "#ff599b"}}, {"model": "marioGolf.character", "pk": 10, "fields": {"characterName": "Pauline", "fullImageName": "pauline.webp", "characterPrimaryColor": "#cc0000"}}, {"model": "marioGolf.character", "pk": 11, "fields": {"characterName": "Toad", "fullImageName": "toad.webp", "characterPrimaryColor": "#0000ff"}}, {"model": "marioGolf.character", "pk": 12, "fields": {"characterName": "Bowser Jr.", "fullImageName": "bowserjr.webp", "characterPrimaryColor": "#ff8c00"}}, {"model": "marioGolf.character", "pk": 13, "fields": {"characterName": "Boo", "fullImageName": "boo.webp", "characterPrimaryColor": "#808080"}}, {"model": "marioGolf.character", "pk": 14, "fields": {"characterName": "Wario", "fullImageName": "wario.webp", "characterPrimaryColor": "#ffe500"}}, {"model": "marioGolf.character", "pk": 15, "fields": {"characterName": "Waluigi", "fullImageName": "waluigi.webp", "characterPrimaryColor": "#6d2dc3"}}, {"model": "marioGolf.character", "pk": 16, "fields": {"characterName": "Rosalina", "fullImageName": "rosalina.webp", "characterPrimaryColor": "#30d5c8"}}, {"model": "marioGolf.character", "pk": 17, "fields": {"characterName": "Mii", "fullImageName": "mii.png", "characterPrimaryColor": "#C8AE81"}}, {"model": "marioGolf.characterstats", "pk": 1, "fields": {"character": 1, "characterType": "SPEED", "characterPower": 220, "character2StarPower": 280}}, {"model": "marioGolf.characterstats", "pk": 2, "fields": {"character": 2, "characterType": "SPEED", "characterPower": 211, "character2StarPower": null}}, {"model": "marioGolf.characterstats", "pk": 3, "fields": {"character": 3, "characterType": "SPEED", "characterPower": 218, "character2StarPower": null}}, {"model": "marioGolf.characterstats", "pk": 4, "fields": {"character": 4, "characterType": "SPEED", "characterPower": 213, "character2StarPower": 273}}, {"model": "marioGolf.characterstats", "pk": 5, "fields": {"character": 5, "characterType": "POWER", "characterPower": 228, "character2StarPower": null}}, {"model": "marioGolf.characterstats", "pk": 6, "fields": {"character": 6, "characterType": "POWER", "characterPower": 225, "character2StarPower": null}}, {"model": "marioGolf.characterstats", "pk": 7, "fields": {"character": 7, "characterType": "POWER", "characterPower": 224, "character2StarPower": null}}, {"model": "marioGolf.characterstats", "pk": 8, "fields": {"character": 8, "characterType": "POWER", "characterPower": 230, "character2StarPower": null}}, {"model": "marioGolf.characterstats", "pk": 9, "fields": {"character": 9, "characterType": "CONTROL", "characterPower": 209, "character2StarPower": null}}, {"model": "marioGolf.characterstats", "pk": 10, "fields": {"character": 10, "characterType": "CONTROL", "characterPower": 210, "character2StarPower": null}}, {"model": "marioGolf.characterstats", "pk": 11, "fields": {"character": 11, "characterType": "CONTROL", "characterPower": 208, "character2StarPower": null}}, {"model": "marioGolf.characterstats", "pk": 12, "fields": {"character": 12, "characterType": "SPIN", "characterPower": 215, "character2StarPower": null}}, {"model": "marioGolf.characterstats", "pk": 13, "fields": {"character": 13, "characterType": "SPIN", "characterPower": 210, "character2StarPower": null}}, {"model": "marioGolf.characterstats", "pk": 14, "fields": {"character": 14, "characterType": "ALL-ROUND", "characterPower": 223, "character2StarPower": null}}, {"model": "marioGolf.characterstats", "pk": 15, "fields": {"character": 15, "characterType": "ALL-ROUND", "characterPower": 213, "character2StarPower": null}}, {"model": "marioGolf.characterstats", "pk": 16, "fields": {"character": 16, "characterType": "ALL-ROUND", "characterPower": 223, "character2StarPower": null}}, {"model": "marioGolf.course", "pk": 1, "fields": {"courseName": "Rookie Course", "courseDescription": "A basic course perfect for beginners", "courseGlyph": null}}, {"model": "marioGolf.course", "pk": 2, "fields": {"courseName": "Bonny Greens", "courseDescription": "A classic course featuring rolling hills and beautiful scenery", "courseGlyph": null}}, {"model": "marioGolf.course", "pk": 3, "fields": {"courseName": "Ridgerock Lake", "courseDescription": "A windy course featuring steep cliffs and a majestic lake", "courseGlyph": null}}, {"model": "marioGolf.course", "pk": 4, "fields": {"courseName": "Balmy Dunes", "courseDescription": "A desert course featuring sandy dunes and rocky mountains", "courseGlyph": null}}, {"model": "marioGolf.course", "pk": 5, "fields": {"courseName": "Wildweather Woods", "courseDescription": "A woodsy course prone to heavy rain and thunderstorms", "courseGlyph": null}}, {"model": "marioGolf.course", "pk": 6, "fields": {"courseName": "Bowser Highlands", "courseDescription": null, "courseGlyph": null}}, {"model": "marioGolf.hole", "pk": 1, "fields": {"course": 1, "holeNumber": 1, "par": 4}}, {"model": "marioGolf.hole", "pk": 2, "fields": {"course": 1, "holeNumber": 2, "par": 4}}, {"model": "marioGolf.hole", "pk": 3, "fields": {"course": 1, "holeNumber": 3, "par": 3}}, {"model": "marioGolf.hole", "pk": 4, "fields": {"course": 1, "holeNumber": 4, "par": 4}}, {"model": "marioGolf.hole", "pk": 5, "fields": {"course": 1, "holeNumber": 5, "par": 4}}, {"model": "marioGolf.hole", "pk": 6, "fields": {"course": 1, "holeNumber": 6, "par": 5}}, {"model": "marioGolf.hole", "pk": 7, "fields": {"course": 1, "holeNumber": 7, "par": 4}}, {"model": "marioGolf.hole", "pk": 8, "fields": {"course": 1, "holeNumber": 8, "par": 3}}, {"model": "marioGolf.hole", "pk": 9, "fields": {"course": 1, "holeNumber": 9, "par": 5}}, {"model": "marioGolf.hole", "pk": 10, "fields": {"course": 1, "holeNumber": 10, "par": 4}}, {"model": "marioGolf.hole", "pk": 11, "fields": {"course": 1, "holeNumber": 11, "par": 4}}, {"model": "marioGolf.hole", "pk": 12, "fields": {"course": 1, "holeNumber": 12, "par": 5}}, {"model": "marioGolf.hole", "pk": 13, "fields": {"course": 1, "holeNumber": 13, "par": 3}}, {"model": "marioGolf.hole", "pk": 14, "fields": {"course": 1, "holeNumber": 14, "par": 4}}, {"model": "marioGolf.hole", "pk": 15, "fields": {"course": 1, "holeNumber": 15, "par": 4}}, {"model": "marioGolf.hole", "pk": 16, "fields": {"course": 1, "holeNumber": 16, "par": 3}}, {"model": "marioGolf.hole", "pk": 17, "fields": {"course": 1, "holeNumber": 17, "par": 4}}, {"model": "marioGolf.hole", "pk": 18, "fields": {"course": 1, "holeNumber": 18, "par": 5}}, {"model": "marioGolf.hole", "pk": 19, "fields": {"course": 2, "holeNumber": 1, "par": 4}}, {"model": "marioGolf.hole", "pk": 20, "fields": {"course": 2, "holeNumber": 2, "par": 3}}, {"model": "marioGolf.hole", "pk": 21, "fields": {"course": 2, "holeNumber": 3, "par": 5}}, {"model": "marioGolf.hole", "pk": 22, "fields": {"course": 2, "holeNumber": 4, "par": 4}}, {"model": "marioGolf.hole", "pk": 23, "fields": {"course": 2, "holeNumber": 5, "par": 4}}, {"model": "marioGolf.hole", "pk": 24, "fields": {"course": 2, "holeNumber": 6, "par": 3}}, {"model": "marioGolf.hole", "pk": 25, "fields": {"course": 2, "holeNumber": 7, "par": 4}}, {"model": "marioGolf.hole", "pk": 26, "fields": {"course": 2, "holeNumber": 8, "par": 4}}, {"model": "marioGolf.hole", "pk": 27, "fields": {"course": 2, "holeNumber": 9, "par": 5}}, {"model": "marioGolf.hole", "pk": 28, "fields": {"course": 2, "holeNumber": 10, "par": 4}}, {"model": "marioGolf.hole", "pk": 29, "fields": {"course": 2, "holeNumber": 11, "par": 4}}, {"model": "marioGolf.hole", "pk": 30, "fields": {"course": 2, "holeNumber": 12, "par": 5}}, {"model": "marioGolf.hole", "pk": 31, "fields": {"course": 2, "holeNumber": 13, "par": 4}}, {"model": "marioGolf.hole", "pk": 32, "fields": {"course": 2, "holeNumber": 14, "par": 3}}, {"model": "marioGolf.hole", "pk": 33, "fields": {"course": 2, "holeNumber": 15, "par": 4}}, {"model": "marioGolf.hole", "pk": 34, "fields": {"course": 2, "holeNumber": 16, "par": 3}}, {"model": "marioGolf.hole", "pk": 35, "fields": {"course": 2, "holeNumber": 17, "par": 4}}, {"model": "marioGolf.hole", "pk": 36, "fields": {"course": 2, "holeNumber": 18, "par": 5}}, {"model": "marioGolf.hole", "pk": 37, "fields": {"course": 3, "holeNumber": 1, "par": 4}}, {"model": "marioGolf.hole", "pk": 38, "fields": {"course": 3, "holeNumber": 2, "par": 3}}, {"model": "marioGolf.hole", "pk": 39, "fields": {"course": 3, "holeNumber": 3, "par": 5}}, {"model": "marioGolf.hole", "pk": 40, "fields": {"course": 3, "holeNumber": 4, "par": 4}}, {"model": "marioGolf.hole", "pk": 41, "fields": {"course": 3, "holeNumber": 5, "par": 4}}, {"model": "marioGolf.hole", "pk": 42, "fields": {"course": 3, "holeNumber": 6, "par": 3}}, {"model": "marioGolf.hole", "pk": 43, "fields": {"course": 3, "holeNumber": 7, "par": 4}}, {"model": "marioGolf.hole", "pk": 44, "fields": {"course": 3, "holeNumber": 8, "par": 5}}, {"model": "marioGolf.hole", "pk": 45, "fields": {"course": 3, "holeNumber": 9, "par": 4}}, {"model": "marioGolf.hole", "pk": 46, "fields": {"course": 3, "holeNumber": 10, "par": 4}}, {"model": "marioGolf.hole", "pk": 47, "fields": {"course": 3, "holeNumber": 11, "par": 3}}, {"model": "marioGolf.hole", "pk": 48, "fields": {"course": 3, "holeNumber": 12, "par": 5}}, {"model": "marioGolf.hole", "pk": 49, "fields": {"course": 3, "holeNumber": 13, "par": 4}}, {"model": "marioGolf.hole", "pk": 50, "fields": {"course": 3, "holeNumber": 14, "par": 4}}, {"model": "marioGolf.hole", "pk": 51, "fields": {"course": 3, "holeNumber": 15, "par": 3}}, {"model": "marioGolf.hole", "pk": 52, "fields": {"course": 3, "holeNumber": 16, "par": 4}}, {"model": "marioGolf.hole", "pk": 53, "fields": {"course": 3, "holeNumber": 17, "par": 4}}, {"model": "marioGolf.hole", "pk": 54, "fields": {"course": 3, "holeNumber": 18, "par": 5}}, {"model": "marioGolf.tournamenttype", "pk": 1, "fields": {"typeName": "Standard"}}, {"model": "marioGolf.tournament", "pk": 2, "fields": {"name": "Opening Weekend", "startDate": "2021-06-26T00:00:01Z", "endDate": "2021-06-27T23:59:59Z", "tournamentType": 1, "numOfHoles": 18}}, {"model": "marioGolf.tournament", "pk": 3, "fields": {"name": "Seeing Greens", "startDate": "2021-07-16T00:00:01Z", "endDate": "2021-07-18T23:59:59Z", "tournamentType": 1, "numOfHoles": 36}}, {"model": "marioGolf.tournamenthole", "pk": 1, "fields": {"tournament": 2, "hole": 1, "order": 0}}, {"model": "marioGolf.tournamenthole", "pk": 2, "fields": {"tournament": 2, "hole": 2, "order": 1}}, {"model": "marioGolf.tournamenthole", "pk": 3, "fields": {"tournament": 2, "hole": 3, "order": 2}}, {"model": "marioGolf.tournamenthole", "pk": 4, "fields": {"tournament": 2, "hole": 4, "order": 3}}, {"model": "marioGolf.tournamenthole", "pk": 5, "fields": {"tournament": 2, "hole": 5, "order": 4}}, {"model": "marioGolf.tournamenthole", "pk": 6, "fields": {"tournament": 2, "hole": 6, "order": 5}}, {"model": "marioGolf.tournamenthole", "pk": 7, "fields": {"tournament": 2, "hole": 7, "order": 6}}, {"model": "marioGolf.tournamenthole", "pk": 8, "fields": {"tournament": 2, "hole": 8, "order": 7}}, {"model": "marioGolf.tournamenthole", "pk": 9, "fields": {"tournament": 2, "hole": 9, "order": 8}}, {"model": "marioGolf.tournamenthole", "pk": 10, "fields": {"tournament": 2, "hole": 10, "order": 9}}, {"model": "marioGolf.tournamenthole", "pk": 11, "fields": {"tournament": 2, "hole": 11, "order": 10}}, {"model": "marioGolf.tournamenthole", "pk": 12, "fields": {"tournament": 2, "hole": 12, "order": 11}}, {"model": "marioGolf.tournamenthole", "pk": 13, "fields": {"tournament": 2, "hole": 13, "order": 12}}, {"model": "marioGolf.tournamenthole", "pk": 14, "fields": {"tournament": 2, "hole": 14, "order": 13}}, {"model": "marioGolf.tournamenthole", "pk": 15, "fields": {"tournament": 2, "hole": 15, "order": 14}}, {"model": "marioGolf.tournamenthole", "pk": 16, "fields": {"tournament": 2, "hole": 16, "order": 15}}, {"model": "marioGolf.tournamenthole", "pk": 17, "fields": {"tournament": 2, "hole": 17, "order": 16}}, {"model": "marioGolf.tournamenthole", "pk": 18, "fields": {"tournament": 2, "hole": 18, "order": 17}}, {"model": "marioGolf.tournamenthole", "pk": 19, "fields": {"tournament": 3, "hole": 19, "order": 0}}, {"model": "marioGolf.tournamenthole", "pk": 20, "fields": {"tournament": 3, "hole": 20, "order": 1}}, {"model": "marioGolf.tournamenthole", "pk": 21, "fields": {"tournament": 3, "hole": 21, "order": 2}}, {"model": "marioGolf.tournamenthole", "pk": 22, "fields": {"tournament": 3, "hole": 22, "order": 3}}, {"model": "marioGolf.tournamenthole", "pk": 23, "fields": {"tournament": 3, "hole": 23, "order": 4}}, {"model": "marioGolf.tournamenthole", "pk": 24, "fields": {"tournament": 3, "hole": 24, "order": 5}}, {"model": "marioGolf.tournamenthole", "pk": 25, "fields": {"tournament": 3, "hole": 25, "order": 6}}, {"model": "marioGolf.tournamenthole", "pk": 26, "fields": {"tournament": 3, "hole": 26, "order": 7}}, {"model": "marioGolf.tournamenthole", "pk": 27, "fields": {"tournament": 3, "hole": 27, "order": 8}}, {"model": "marioGolf.tournamenthole", "pk": 28, "fields": {"tournament": 3, "hole": 28, "order": 9}}, {"model": "marioGolf.tournamenthole", "pk": 29, "fields": {"tournament": 3, "hole": 29, "order": 10}}, {"model": "marioGolf.tournamenthole", "pk": 30, "fields": {"tournament": 3, "hole": 30, "order": 11}}, {"model": "marioGolf.tournamenthole", "pk": 31, "fields": {"tournament": 3, "hole": 31, "order": 12}}, {"model": "marioGolf.tournamenthole", "pk": 32, "fields": {"tournament": 3, "hole": 32, "order": 13}}, {"model": "marioGolf.tournamenthole", "pk": 33, "fields": {"tournament": 3, "hole": 33, "order": 14}}, {"model": "marioGolf.tournamenthole", "pk": 34, "fields": {"tournament": 3, "hole": 34, "order": 15}}, {"model": "marioGolf.tournamenthole", "pk": 35, "fields": {"tournament": 3, "hole": 35, "order": 16}}, {"model": "marioGolf.tournamenthole", "pk": 36, "fields": {"tournament": 3, "hole": 36, "order": 17}}, {"model": "marioGolf.tournamenthole", "pk": 37, "fields": {"tournament": 3, "hole": 37, "order": 18}}, {"model": "marioGolf.tournamenthole", "pk": 38, "fields": {"tournament": 3, "hole": 38, "order": 19}}, {"model": "marioGolf.tournamenthole", "pk": 39, "fields": {"tournament": 3, "hole": 39, "order": 20}}, {"model": "marioGolf.tournamenthole", "pk": 40, "fields": {"tournament": 3, "hole": 40, "order": 21}}, {"model": "marioGolf.tournamenthole", "pk": 41, "fields": {"tournament": 3, "hole": 41, "order": 22}}, {"model": "marioGolf.tournamenthole", "pk": 42, "fields": {"tournament": 3, "hole": 42, "order": 23}}, {"model": "marioGolf.tournamenthole", "pk": 43, "fields": {"tournament": 3, "hole": 43, "order": 24}}, {"model": "marioGolf.tournamenthole", "pk": 44, "fields": {"tournament": 3, "hole": 44, "order": 25}}, {"model": "marioGolf.tournamenthole", "pk": 45, "fields": {"tournament": 3, "hole": 45, "order": 26}}, {"model": "marioGolf.tournamenthole", "pk": 46, "fields": {"tournament": 3, "hole": 46, "order": 27}}, {"model": "marioGolf.tournamenthole", "pk": 47, "fields": {"tournament": 3, "hole": 47, "order": 28}}, {"model": "marioGolf.tournamenthole", "pk": 48, "fields": {"tournament": 3, "hole": 48, "order": 29}}, {"model": "marioGolf.tournamenthole", "pk": 49, "fields": {"tournament": 3, "hole": 49, "order": 30}}, {"model": "marioGolf.tournamenthole", "pk": 50, "fields": {"tournament": 3, "hole": 50, "order": 31}}, {"model": "marioGolf.tournamenthole", "pk": 51, "fields": {"tournament": 3, "hole": 51, "order": 32}}, {"model": "marioGolf.tournamenthole", "pk": 52, "fields": {"tournament": 3, "hole": 52, "order": 33}}, {"model": "marioGolf.tournamenthole", "pk": 53, "fields": {"tournament": 3, "hole": 53, "order": 34}}, {"model": "marioGolf.tournamenthole", "pk": 54, "fields": {"tournament": 3, "hole": 54, "order": 35}}, {"model": "marioGolf.tournamententry", "pk": 3, "fields": {"tournament": 2, "player": 1, "character": 11}}, {"model": "marioGolf.tournamententry", "pk": 4, "fields": {"tournament": 2, "player": 2, "character": 10}}, {"model": "marioGolf.tournamententry", "pk": 5, "fields": {"tournament": 2, "player": 3, "character": 5}}, {"model": "marioGolf.tournamententry", "pk": 6, "fields": {"tournament": 2, "player": 6, "character": 5}}, {"model": "marioGolf.tournamententry", "pk": 7, "fields": {"tournament": 2, "player": 4, "character": 3}}, {"model": "marioGolf.tournamententry", "pk": 8, "fields": {"tournament": 2, "player": 5, "character": 2}}, {"model": "marioGolf.tournamententry", "pk": 9, "fields": {"tournament": 2, "player": 7, "character": 10}}, {"model": "marioGolf.tournamententry", "pk": 10, "fields": {"tournament": 3, "player": 5, "character": 2}}, {"model": "marioGolf.tournamententry", "pk": 11, "fields": {"tournament": 3, "player": 2, "character": 10}}, {"model": "marioGolf.tournamententry", "pk": 12, "fields": {"tournament": 3, "player": 1, "character": 8}}, {"model": "marioGolf.tournamententry", "pk": 13, "fields": {"tournament": 3, "player": 3, "character": 5}}, {"model": "marioGolf.tournamententryhole", "pk": 1, "fields": {"tournamentEntry": 3, "tournamentHole": 1, "shotsTaken": 4, "approved": true}}, {"model": "marioGolf.tournamententryhole", "pk": 2, "fields": {"tournamentEntry": 3, "tournamentHole": 2, "shotsTaken": 3, "approved": true}}, {"model": "marioGolf.tournamententryhole", "pk": 3, "fields": {"tournamentEntry": 3, "tournamentHole": 3, "shotsTaken": 2, "approved": true}}, {"model": "marioGolf.tournamententryhole", "pk": 4, "fields": {"tournamentEntry": 3, "tournamentHole": 4, "shotsTaken": 3, "approved": true}}, {"model": "marioGolf.tournamententryhole", "pk": 5, "fields": {"tournamentEntry": 3, "tournamentHole": 5, "shotsTaken": 4, "approved": true}}, {"model": "marioGolf.tournamententryhole", "pk": 6, "fields": {"tournamentEntry": 3, "tournamentHole": 6, "shotsTaken": 4, "approved": true}}, {"model": "marioGolf.tournamententryhole", "pk": 7, "fields": {"tournamentEntry": 3, "tournamentHole": 7, "shotsTaken": 3, "approved": true}}, {"model": "marioGolf.tournamententryhole", "pk": 8, "fields": {"tournamentEntry": 3, "tournamentHole": 8, "shotsTaken": 3, "approved": true}}, {"model": "marioGolf.tournamententryhole", "pk": 9, "fields": {"tournamentEntry": 3, "tournamentHole": 9, "shotsTaken": 4, "approved": true}}, {"model": "marioGolf.tournamententryhole", "pk": 10, "fields": {"tournamentEntry": 3, "tournamentHole": 10, "shotsTaken": 4, "approved": true}}, {"model": "marioGolf.tournamententryhole", "pk": 11, "fields": {"tournamentEntry": 3, "tournamentHole": 11, "shotsTaken": 3, "approved": true}}, {"model": "marioGolf.tournamententryhole", "pk": 12, "fields": {"tournamentEntry": 3, "tournamentHole": 12, "shotsTaken": 3, "approved": true}}, {"model": "marioGolf.tournamententryhole", "pk": 13, "fields": {"tournamentEntry": 3, "tournamentHole": 13, "shotsTaken": 1, "approved": true}}, {"model": "marioGolf.tournamententryhole", "pk": 14, "fields": {"tournamentEntry": 3, "tournamentHole": 14, "shotsTaken": 3, "approved": true}}, {"model": "marioGolf.tournamententryhole", "pk": 15, "fields": {"tournamentEntry": 3, "tournamentHole": 15, "shotsTaken": 4, "approved": true}}, {"model": "marioGolf.tournamententryhole", "pk": 16, "fields": {"tournamentEntry": 3, "tournamentHole": 16, "shotsTaken": 3, "approved": true}}, {"model": "marioGolf.tournamententryhole", "pk": 17, "fields": {"tournamentEntry": 3, "tournamentHole": 17, "shotsTaken": 5, "approved": true}}, {"model": "marioGolf.tournamententryhole", "pk": 18, "fields": {"tournamentEntry": 3, "tournamentHole": 18, "shotsTaken": 4, "approved": true}}, {"model": "marioGolf.tournamententryhole", "pk": 19, "fields": {"tournamentEntry": 5, "tournamentHole": 1, "shotsTaken": 3, "approved": true}}, {"model": "marioGolf.tournamententryhole", "pk": 20, "fields": {"tournamentEntry": 5, "tournamentHole": 2, "shotsTaken": 3, "approved": true}}, {"model": "marioGolf.tournamententryhole", "pk": 21, "fields": {"tournamentEntry": 5, "tournamentHole": 3, "shotsTaken": 3, "approved": true}}, {"model": "marioGolf.tournamententryhole", "pk": 22, "fields": {"tournamentEntry": 5, "tournamentHole": 4, "shotsTaken": 3, "approved": true}}, {"model": "marioGolf.tournamententryhole", "pk": 23, "fields": {"tournamentEntry": 5, "tournamentHole": 5, "shotsTaken": 3, "approved": true}}, {"model": "marioGolf.tournamententryhole", "pk": 24, "fields": {"tournamentEntry": 5, "tournamentHole": 6, "shotsTaken": 3, "approved": true}}, {"model": "marioGolf.tournamententryhole", "pk": 25, "fields": {"tournamentEntry": 5, "tournamentHole": 7, "shotsTaken": 4, "approved": true}}, {"model": "marioGolf.tournamententryhole", "pk": 26, "fields": {"tournamentEntry": 5, "tournamentHole": 8, "shotsTaken": 2, "approved": true}}, {"model": "marioGolf.tournamententryhole", "pk": 27, "fields": {"tournamentEntry": 5, "tournamentHole": 9, "shotsTaken": 4, "approved": true}}, {"model": "marioGolf.tournamententryhole", "pk": 28, "fields": {"tournamentEntry": 5, "tournamentHole": 10, "shotsTaken": 3, "approved": true}}, {"model": "marioGolf.tournamententryhole", "pk": 29, "fields": {"tournamentEntry": 5, "tournamentHole": 11, "shotsTaken": 3, "approved": true}}, {"model": "marioGolf.tournamententryhole", "pk": 30, "fields": {"tournamentEntry": 5, "tournamentHole": 12, "shotsTaken": 4, "approved": true}}, {"model": "marioGolf.tournamententryhole", "pk": 31, "fields": {"tournamentEntry": 5, "tournamentHole": 13, "shotsTaken": 1, "approved": true}}, {"model": "marioGolf.tournamententryhole", "pk": 32, "fields": {"tournamentEntry": 5, "tournamentHole": 14, "shotsTaken": 3, "approved": true}}, {"model": "marioGolf.tournamententryhole", "pk": 33, "fields": {"tournamentEntry": 5, "tournamentHole": 15, "shotsTaken": 4, "approved": true}}, {"model": "marioGolf.tournamententryhole", "pk": 34, "fields": {"tournamentEntry": 5, "tournamentHole": 16, "shotsTaken": 2, "approved": true}}, {"model": "marioGolf.tournamententryhole", "pk": 35, "fields": {"tournamentEntry": 5, "tournamentHole": 17, "shotsTaken": 3, "approved": true}}, {"model": "marioGolf.tournamententryhole", "pk": 36, "fields": {"tournamentEntry": 5, "tournamentHole": 18, "shotsTaken": 3, "approved": true}}, {"model": "marioGolf.tournamententryhole", "pk": 73, "fields": {"tournamentEntry": 4, "tournamentHole": 1, "shotsTaken": 3, "approved": true}}, {"model": "marioGolf.tournamententryhole", "pk": 74, "fields": {"tournamentEntry": 4, "tournamentHole": 2, "shotsTaken": 3, "approved": true}}, {"model": "marioGolf.tournamententryhole", "pk": 75, "fields": {"tournamentEntry": 4, "tournamentHole": 3, "shotsTaken": 2, "approved": true}}, {"model": "marioGolf.tournamententryhole", "pk": 76, "fields": {"tournamentEntry": 4, "tournamentHole": 4, "shotsTaken": 3, "approved": true}}, {"model": "marioGolf.tournamententryhole", "pk": 77, "fields": {"tournamentEntry": 4, "tournamentHole": 5, "shotsTaken": 3, "approved": true}}, {"model": "marioGolf.tournamententryhole", "pk": 78, "fields": {"tournamentEntry": 4, "tournamentHole": 6, "shotsTaken": 3, "approved": true}}, {"model": "marioGolf.tournamententryhole", "pk": 79, "fields": {"tournamentEntry": 4, "tournamentHole": 7, "shotsTaken": 3, "approved": true}}, {"model": "marioGolf.tournamententryhole", "pk": 80, "fields": {"tournamentEntry": 4, "tournamentHole": 8, "shotsTaken": 3, "approved": true}}, {"model": "marioGolf.tournamententryhole", "pk": 81, "fields": {"tournamentEntry": 4, "tournamentHole": 9, "shotsTaken": 3, "approved": true}}, {"model": "marioGolf.tournamententryhole", "pk": 82, "fields": {"tournamentEntry": 4, "tournamentHole": 10, "shotsTaken": 3, "approved": true}}, {"model": "marioGolf.tournamententryhole", "pk": 83, "fields": {"tournamentEntry": 4, "tournamentHole": 11, "shotsTaken": 3, "approved": true}}, {"model": "marioGolf.tournamententryhole", "pk": 84, "fields": {"tournamentEntry": 4, "tournamentHole": 12, "shotsTaken": 3, "approved": true}}, {"model": "marioGolf.tournamententryhole", "pk": 85, "fields": {"tournamentEntry": 4, "tournamentHole": 13, "shotsTaken": 2, "approved": true}}, {"model": "marioGolf.tournamententryhole", "pk": 86, "fields": {"tournamentEntry": 4, "tournamentHole": 14, "shotsTaken": 3, "approved": true}}, {"model": "marioGolf.tournamententryhole", "pk": 87, "fields": {"tournamentEntry": 4, "tournamentHole": 15, "shotsTaken": 3, "approved": true}}, {"model": "marioGolf.tournamententryhole", "pk": 88, "fields": {"tournamentEntry": 4, "tournamentHole": 16, "shotsTaken": 2, "approved": true}}, {"model": "marioGolf.tournamententryhole", "pk": 89, "fields": {"tournamentEntry": 4, "tournamentHole": 17, "shotsTaken": 3, "approved": true}}, {"model": "marioGolf.tournamententryhole", "pk": 90, "fields": {"tournamentEntry": 4, "tournamentHole": 18, "shotsTaken": 3, "approved": true}}, {"model": "marioGolf.tournamententryhole", "pk": 91, "fields": {"tournamentEntry": 7, "tournamentHole": 1, "shotsTaken": 4, "approved": true}}, {"model": "marioGolf.tournamententryhole", "pk": 92, "fields": {"tournamentEntry": 7, "tournamentHole": 2, "shotsTaken": 3, "approved": true}}, {"model": "marioGolf.tournamententryhole", "pk": 93, "fields": {"tournamentEntry": 7, "tournamentHole": 3, "shotsTaken": 3, "approved": true}}, {"model": "marioGolf.tournamententryhole", "pk": 94, "fields": {"tournamentEntry": 7, "tournamentHole": 4, "shotsTaken": 3, "approved": true}}, {"model": "marioGolf.tournamententryhole", "pk": 95, "fields": {"tournamentEntry": 7, "tournamentHole": 5, "shotsTaken": 3, "approved": true}}, {"model": "marioGolf.tournamententryhole", "pk": 96, "fields": {"tournamentEntry": 7, "tournamentHole": 6, "shotsTaken": 3, "approved": true}}, {"model": "marioGolf.tournamententryhole", "pk": 97, "fields": {"tournamentEntry": 7, "tournamentHole": 7, "shotsTaken": 3, "approved": true}}, {"model": "marioGolf.tournamententryhole", "pk": 98, "fields": {"tournamentEntry": 7, "tournamentHole": 8, "shotsTaken": 2, "approved": true}}, {"model": "marioGolf.tournamententryhole", "pk": 99, "fields": {"tournamentEntry": 7, "tournamentHole": 9, "shotsTaken": 3, "approved": true}}, {"model": "marioGolf.tournamententryhole", "pk": 100, "fields": {"tournamentEntry": 7, "tournamentHole": 10, "shotsTaken": 3, "approved": true}}, {"model": "marioGolf.tournamententryhole", "pk": 101, "fields": {"tournamentEntry": 7, "tournamentHole": 11, "shotsTaken": 3, "approved": true}}, {"model": "marioGolf.tournamententryhole", "pk": 102, "fields": {"tournamentEntry": 7, "tournamentHole": 12, "shotsTaken": 4, "approved": true}}, {"model": "marioGolf.tournamententryhole", "pk": 103, "fields": {"tournamentEntry": 7, "tournamentHole": 13, "shotsTaken": 2, "approved": true}}, {"model": "marioGolf.tournamententryhole", "pk": 104, "fields": {"tournamentEntry": 7, "tournamentHole": 14, "shotsTaken": 3, "approved": true}}, {"model": "marioGolf.tournamententryhole", "pk": 105, "fields": {"tournamentEntry": 7, "tournamentHole": 15, "shotsTaken": 4, "approved": true}}, {"model": "marioGolf.tournamententryhole", "pk": 106, "fields": {"tournamentEntry": 7, "tournamentHole": 16, "shotsTaken": 3, "approved": true}}, {"model": "marioGolf.tournamententryhole", "pk": 107, "fields": {"tournamentEntry": 7, "tournamentHole": 17, "shotsTaken": 3, "approved": true}}, {"model": "marioGolf.tournamententryhole", "pk": 108, "fields": {"tournamentEntry": 7, "tournamentHole": 18, "shotsTaken": 3, "approved": true}}, {"model": "marioGolf.tournamententryhole", "pk": 109, "fields": {"tournamentEntry": 6, "tournamentHole": 1, "shotsTaken": 3, "approved": true}}, {"model": "marioGolf.tournamententryhole", "pk": 110, "fields": {"tournamentEntry": 6, "tournamentHole": 2, "shotsTaken": 3, "approved": true}}, {"model": "marioGolf.tournamententryhole", "pk": 111, "fields": {"tournamentEntry": 6, "tournamentHole": 3, "shotsTaken": 2, "approved": true}}, {"model": "marioGolf.tournamententryhole", "pk": 112, "fields": {"tournamentEntry": 6, "tournamentHole": 4, "shotsTaken": 3, "approved": true}}, {"model": "marioGolf.tournamententryhole", "pk": 113, "fields": {"tournamentEntry": 6, "tournamentHole": 5, "shotsTaken": 3, "approved": true}}, {"model": "marioGolf.tournamententryhole", "pk": 114, "fields": {"tournamentEntry": 6, "tournamentHole": 6, "shotsTaken": 3, "approved": true}}, {"model": "marioGolf.tournamententryhole", "pk": 115, "fields": {"tournamentEntry": 6, "tournamentHole": 7, "shotsTaken": 4, "approved": true}}, {"model": "marioGolf.tournamententryhole", "pk": 116, "fields": {"tournamentEntry": 6, "tournamentHole": 8, "shotsTaken": 2, "approved": true}}, {"model": "marioGolf.tournamententryhole", "pk": 117, "fields": {"tournamentEntry": 6, "tournamentHole": 9, "shotsTaken": 6, "approved": true}}, {"model": "marioGolf.tournamententryhole", "pk": 118, "fields": {"tournamentEntry": 6, "tournamentHole": 10, "shotsTaken": 3, "approved": true}}, {"model": "marioGolf.tournamententryhole", "pk": 119, "fields": {"tournamentEntry": 6, "tournamentHole": 11, "shotsTaken": 4, "approved": true}}, {"model": "marioGolf.tournamententryhole", "pk": 120, "fields": {"tournamentEntry": 6, "tournamentHole": 12, "shotsTaken": 3, "approved": true}}, {"model": "marioGolf.tournamententryhole", "pk": 121, "fields": {"tournamentEntry": 6, "tournamentHole": 13, "shotsTaken": 3, "approved": true}}, {"model": "marioGolf.tournamententryhole", "pk": 122, "fields": {"tournamentEntry": 6, "tournamentHole": 14, "shotsTaken": 4, "approved": true}}, {"model": "marioGolf.tournamententryhole", "pk": 123, "fields": {"tournamentEntry": 6, "tournamentHole": 15, "shotsTaken": 4, "approved": true}}, {"model": "marioGolf.tournamententryhole", "pk": 124, "fields": {"tournamentEntry": 6, "tournamentHole": 16, "shotsTaken": 2, "approved": true}}, {"model": "marioGolf.tournamententryhole", "pk": 125, "fields": {"tournamentEntry": 6, "tournamentHole": 17, "shotsTaken": 3, "approved": true}}, {"model": "marioGolf.tournamententryhole", "pk": 126, "fields": {"tournamentEntry": 6, "tournamentHole": 18, "shotsTaken": 4, "approved": true}}, {"model": "marioGolf.tournamententryhole", "pk": 127, "fields": {"tournamentEntry": 8, "tournamentHole": 1, "shotsTaken": 3, "approved": true}}, {"model": "marioGolf.tournamententryhole", "pk": 128, "fields": {"tournamentEntry": 8, "tournamentHole": 2, "shotsTaken": 3, "approved": true}}, {"model": "marioGolf.tournamententryhole", "pk": 129, "fields": {"tournamentEntry": 8, "tournamentHole": 3, "shotsTaken": 1, "approved": true}}, {"model": "marioGolf.tournamententryhole", "pk": 130, "fields": {"tournamentEntry": 8, "tournamentHole": 4, "shotsTaken": 3, "approved": true}}, {"model": "marioGolf.tournamententryhole", "pk": 131, "fields": {"tournamentEntry": 8, "tournamentHole": 5, "shotsTaken": 3, "approved": true}}, {"model": "marioGolf.tournamententryhole", "pk": 132, "fields": {"tournamentEntry": 8, "tournamentHole": 6, "shotsTaken": 3, "approved": true}}, {"model": "marioGolf.tournamententryhole", "pk": 133, "fields": {"tournamentEntry": 8, "tournamentHole": 7, "shotsTaken": 4, "approved": true}}, {"model": "marioGolf.tournamententryhole", "pk": 134, "fields": {"tournamentEntry": 8, "tournamentHole": 8, "shotsTaken": 2, "approved": true}}, {"model": "marioGolf.tournamententryhole", "pk": 135, "fields": {"tournamentEntry": 8, "tournamentHole": 9, "shotsTaken": 5, "approved": true}}, {"model": "marioGolf.tournamententryhole", "pk": 136, "fields": {"tournamentEntry": 8, "tournamentHole": 10, "shotsTaken": 3, "approved": true}}, {"model": "marioGolf.tournamententryhole", "pk": 137, "fields": {"tournamentEntry": 8, "tournamentHole": 11, "shotsTaken": 3, "approved": true}}, {"model": "marioGolf.tournamententryhole", "pk": 138, "fields": {"tournamentEntry": 8, "tournamentHole": 12, "shotsTaken": 3, "approved": true}}, {"model": "marioGolf.tournamententryhole", "pk": 139, "fields": {"tournamentEntry": 8, "tournamentHole": 13, "shotsTaken": 3, "approved": true}}, {"model": "marioGolf.tournamententryhole", "pk": 140, "fields": {"tournamentEntry": 8, "tournamentHole": 14, "shotsTaken": 3, "approved": true}}, {"model": "marioGolf.tournamententryhole", "pk": 141, "fields": {"tournamentEntry": 8, "tournamentHole": 15, "shotsTaken": 3, "approved": true}}, {"model": "marioGolf.tournamententryhole", "pk": 142, "fields": {"tournamentEntry": 8, "tournamentHole": 16, "shotsTaken": 4, "approved": true}}, {"model": "marioGolf.tournamententryhole", "pk": 143, "fields": {"tournamentEntry": 8, "tournamentHole": 17, "shotsTaken": 3, "approved": true}}, {"model": "marioGolf.tournamententryhole", "pk": 144, "fields": {"tournamentEntry": 8, "tournamentHole": 18, "shotsTaken": 4, "approved": true}}, {"model": "marioGolf.tournamententryhole", "pk": 145, "fields": {"tournamentEntry": 9, "tournamentHole": 1, "shotsTaken": 2, "approved": true}}, {"model": "marioGolf.tournamententryhole", "pk": 146, "fields": {"tournamentEntry": 9, "tournamentHole": 2, "shotsTaken": 3, "approved": true}}, {"model": "marioGolf.tournamententryhole", "pk": 147, "fields": {"tournamentEntry": 9, "tournamentHole": 3, "shotsTaken": 1, "approved": true}}, {"model": "marioGolf.tournamententryhole", "pk": 148, "fields": {"tournamentEntry": 9, "tournamentHole": 4, "shotsTaken": 3, "approved": true}}, {"model": "marioGolf.tournamententryhole", "pk": 149, "fields": {"tournamentEntry": 9, "tournamentHole": 5, "shotsTaken": 3, "approved": true}}, {"model": "marioGolf.tournamententryhole", "pk": 150, "fields": {"tournamentEntry": 9, "tournamentHole": 6, "shotsTaken": 4, "approved": true}}, {"model": "marioGolf.tournamententryhole", "pk": 151, "fields": {"tournamentEntry": 9, "tournamentHole": 7, "shotsTaken": 4, "approved": true}}, {"model": "marioGolf.tournamententryhole", "pk": 152, "fields": {"tournamentEntry": 9, "tournamentHole": 8, "shotsTaken": 1, "approved": true}}, {"model": "marioGolf.tournamententryhole", "pk": 153, "fields": {"tournamentEntry": 9, "tournamentHole": 9, "shotsTaken": 5, "approved": true}}, {"model": "marioGolf.tournamententryhole", "pk": 154, "fields": {"tournamentEntry": 9, "tournamentHole": 10, "shotsTaken": 3, "approved": true}}, {"model": "marioGolf.tournamententryhole", "pk": 155, "fields": {"tournamentEntry": 9, "tournamentHole": 11, "shotsTaken": 3, "approved": true}}, {"model": "marioGolf.tournamententryhole", "pk": 156, "fields": {"tournamentEntry": 9, "tournamentHole": 12, "shotsTaken": 4, "approved": true}}, {"model": "marioGolf.tournamententryhole", "pk": 157, "fields": {"tournamentEntry": 9, "tournamentHole": 13, "shotsTaken": 2, "approved": true}}, {"model": "marioGolf.tournamententryhole", "pk": 158, "fields": {"tournamentEntry": 9, "tournamentHole": 14, "shotsTaken": 3, "approved": true}}, {"model": "marioGolf.tournamententryhole", "pk": 159, "fields": {"tournamentEntry": 9, "tournamentHole": 15, "shotsTaken": 4, "approved": true}}, {"model": "marioGolf.tournamententryhole", "pk": 160, "fields": {"tournamentEntry": 9, "tournamentHole": 16, "shotsTaken": 2, "approved": true}}, {"model": "marioGolf.tournamententryhole", "pk": 161, "fields": {"tournamentEntry": 9, "tournamentHole": 17, "shotsTaken": 3, "approved": true}}, {"model": "marioGolf.tournamententryhole", "pk": 162, "fields": {"tournamentEntry": 9, "tournamentHole": 18, "shotsTaken": 4, "approved": true}}, {"model": "marioGolf.tournamententryhole", "pk": 163, "fields": {"tournamentEntry": 10, "tournamentHole": 19, "shotsTaken": 3, "approved": true}}, {"model": "marioGolf.tournamententryhole", "pk": 164, "fields": {"tournamentEntry": 10, "tournamentHole": 20, "shotsTaken": 2, "approved": true}}, {"model": "marioGolf.tournamententryhole", "pk": 165, "fields": {"tournamentEntry": 10, "tournamentHole": 21, "shotsTaken": 4, "approved": true}}, {"model": "marioGolf.tournamententryhole", "pk": 166, "fields": {"tournamentEntry": 10, "tournamentHole": 22, "shotsTaken": 3, "approved": true}}, {"model": "marioGolf.tournamententryhole", "pk": 167, "fields": {"tournamentEntry": 10, "tournamentHole": 23, "shotsTaken": 3, "approved": true}}, {"model": "marioGolf.tournamententryhole", "pk": 168, "fields": {"tournamentEntry": 10, "tournamentHole": 24, "shotsTaken": 2, "approved": true}}, {"model": "marioGolf.tournamententryhole", "pk": 169, "fields": {"tournamentEntry": 10, "tournamentHole": 25, "shotsTaken": 4, "approved": true}}, {"model": "marioGolf.tournamententryhole", "pk": 170, "fields": {"tournamentEntry": 10, "tournamentHole": 26, "shotsTaken": 3, "approved": true}}, {"model": "marioGolf.tournamententryhole", "pk": 171, "fields": {"tournamentEntry": 10, "tournamentHole": 27, "shotsTaken": 3, "approved": true}}, {"model": "marioGolf.tournamententryhole", "pk": 172, "fields": {"tournamentEntry": 10, "tournamentHole": 28, "shotsTaken": 4, "approved": true}}, {"model": "marioGolf.tournamententryhole", "pk": 173, "fields": {"tournamentEntry": 10, "tournamentHole": 29, "shotsTaken": 3, "approved": true}}, {"model": "marioGolf.tournamententryhole", "pk": 174, "fields": {"tournamentEntry": 10, "tournamentHole": 30, "shotsTaken": 3, "approved": true}}, {"model": "marioGolf.tournamententryhole", "pk": 175, "fields": {"tournamentEntry": 10, "tournamentHole": 31, "shotsTaken": 3, "approved": true}}, {"model": "marioGolf.tournamententryhole", "pk": 176, "fields": {"tournamentEntry": 10, "tournamentHole": 32, "shotsTaken": 2, "approved": true}}, {"model": "marioGolf.tournamententryhole", "pk": 177, "fields": {"tournamentEntry": 10, "tournamentHole": 33, "shotsTaken": 3, "approved": true}}, {"model": "marioGolf.tournamententryhole", "pk": 178, "fields": {"tournamentEntry": 10, "tournamentHole": 34, "shotsTaken": 2, "approved": true}}, {"model": "marioGolf.tournamententryhole", "pk": 179, "fields": {"tournamentEntry": 10, "tournamentHole": 35, "shotsTaken": 3, "approved": true}}, {"model": "marioGolf.tournamententryhole", "pk": 180, "fields": {"tournamentEntry": 10, "tournamentHole": 36, "shotsTaken": 4, "approved": true}}, {"model": "marioGolf.tournamententryhole", "pk": 181, "fields": {"tournamentEntry": 10, "tournamentHole": 37, "shotsTaken": 3, "approved": true}}, {"model": "marioGolf.tournamententryhole", "pk": 182, "fields": {"tournamentEntry": 10, "tournamentHole": 38, "shotsTaken": 2, "approved": true}}, {"model": "marioGolf.tournamententryhole", "pk": 183, "fields": {"tournamentEntry": 10, "tournamentHole": 39, "shotsTaken": 4, "approved": true}}, {"model": "marioGolf.tournamententryhole", "pk": 184, "fields": {"tournamentEntry": 10, "tournamentHole": 40, "shotsTaken": 3, "approved": true}}, {"model": "marioGolf.tournamententryhole", "pk": 185, "fields": {"tournamentEntry": 10, "tournamentHole": 41, "shotsTaken": 4, "approved": true}}, {"model": "marioGolf.tournamententryhole", "pk": 186, "fields": {"tournamentEntry": 10, "tournamentHole": 42, "shotsTaken": 2, "approved": true}}, {"model": "marioGolf.tournamententryhole", "pk": 187, "fields": {"tournamentEntry": 10, "tournamentHole": 43, "shotsTaken": 3, "approved": true}}, {"model": "marioGolf.tournamententryhole", "pk": 188, "fields": {"tournamentEntry": 10, "tournamentHole": 44, "shotsTaken": 3, "approved": true}}, {"model": "marioGolf.tournamententryhole", "pk": 189, "fields": {"tournamentEntry": 10, "tournamentHole": 45, "shotsTaken": 4, "approved": true}}, {"model": "marioGolf.tournamententryhole", "pk": 190, "fields": {"tournamentEntry": 10, "tournamentHole": 46, "shotsTaken": 3, "approved": true}}, {"model": "marioGolf.tournamententryhole", "pk": 191, "fields": {"tournamentEntry": 10, "tournamentHole": 47, "shotsTaken": 2, "approved": true}}, {"model": "marioGolf.tournamententryhole", "pk": 192, "fields": {"tournamentEntry": 10, "tournamentHole": 48, "shotsTaken": 4, "approved": true}}, {"model": "marioGolf.tournamententryhole", "pk": 193, "fields": {"tournamentEntry": 10, "tournamentHole": 49, "shotsTaken": 4, "approved": true}}, {"model": "marioGolf.tournamententryhole", "pk": 194, "fields": {"tournamentEntry": 10, "tournamentHole": 50, "shotsTaken": 3, "approved": true}}, {"model": "marioGolf.tournamententryhole", "pk": 195, "fields": {"tournamentEntry": 10, "tournamentHole": 51, "shotsTaken": 2, "approved": true}}, {"model": "marioGolf.tournamententryhole", "pk": 196, "fields": {"tournamentEntry": 10, "tournamentHole": 52, "shotsTaken": 4, "approved": true}}, {"model": "marioGolf.tournamententryhole", "pk": 197, "fields": {"tournamentEntry": 10, "tournamentHole": 53, "shotsTaken": 3, "approved": true}}, {"model": "marioGolf.tournamententryhole", "pk": 198, "fields": {"tournamentEntry": 10, "tournamentHole": 54, "shotsTaken": 4, "approved": true}}, {"model": "marioGolf.tournamententryhole", "pk": 199, "fields": {"tournamentEntry": 11, "tournamentHole": 19, "shotsTaken": 3, "approved": true}}, {"model": "marioGolf.tournamententryhole", "pk": 200, "fields": {"tournamentEntry": 11, "tournamentHole": 20, "shotsTaken": 2, "approved": true}}, {"model": "marioGolf.tournamententryhole", "pk": 201, "fields": {"tournamentEntry": 11, "tournamentHole": 21, "shotsTaken": 4, "approved": true}}, {"model": "marioGolf.tournamententryhole", "pk": 202, "fields": {"tournamentEntry": 11, "tournamentHole": 22, "shotsTaken": 4, "approved": true}}, {"model": "marioGolf.tournamententryhole", "pk": 203, "fields": {"tournamentEntry": 11, "tournamentHole": 23, "shotsTaken": 3, "approved": true}}, {"model": "marioGolf.tournamententryhole", "pk": 204, "fields": {"tournamentEntry": 11, "tournamentHole": 24, "shotsTaken": 2, "approved": true}}, {"model": "marioGolf.tournamententryhole", "pk": 205, "fields": {"tournamentEntry": 11, "tournamentHole": 25, "shotsTaken": 3, "approved": true}}, {"model": "marioGolf.tournamententryhole", "pk": 206, "fields": {"tournamentEntry": 11, "tournamentHole": 26, "shotsTaken": 3, "approved": true}}, {"model": "marioGolf.tournamententryhole", "pk": 207, "fields": {"tournamentEntry": 11, "tournamentHole": 27, "shotsTaken": 4, "approved": true}}, {"model": "marioGolf.tournamententryhole", "pk": 208, "fields": {"tournamentEntry": 11, "tournamentHole": 28, "shotsTaken": 4, "approved": true}}, {"model": "marioGolf.tournamententryhole", "pk": 209, "fields": {"tournamentEntry": 11, "tournamentHole": 29, "shotsTaken": 4, "approved": true}}, {"model": "marioGolf.tournamententryhole", "pk": 210, "fields": {"tournamentEntry": 11, "tournamentHole": 30, "shotsTaken": 4, "approved": true}}, {"model": "marioGolf.tournamententryhole", "pk": 211, "fields": {"tournamentEntry": 11, "tournamentHole": 31, "shotsTaken": 3, "approved": true}}, {"model": "marioGolf.tournamententryhole", "pk": 212, "fields": {"tournamentEntry": 11, "tournamentHole": 32, "shotsTaken": 2, "approved": true}}, {"model": "marioGolf.tournamententryhole", "pk": 213, "fields": {"tournamentEntry": 11, "tournamentHole": 33, "shotsTaken": 3, "approved": true}}, {"model": "marioGolf.tournamententryhole", "pk": 214, "fields": {"tournamentEntry": 11, "tournamentHole": 34, "shotsTaken": 2, "approved": true}}, {"model": "marioGolf.tournamententryhole", "pk": 215, "fields": {"tournamentEntry": 11, "tournamentHole": 35, "shotsTaken": 3, "approved": true}}, {"model": "marioGolf.tournamententryhole", "pk": 216, "fields": {"tournamentEntry": 11, "tournamentHole": 36, "shotsTaken": 5, "approved": true}}, {"model": "marioGolf.tournamententryhole", "pk": 217, "fields": {"tournamentEntry": 11, "tournamentHole": 37, "shotsTaken": 3, "approved": true}}, {"model": "marioGolf.tournamententryhole", "pk": 218, "fields": {"tournamentEntry": 11, "tournamentHole": 38, "shotsTaken": 3, "approved": true}}, {"model": "marioGolf.tournamententryhole", "pk": 219, "fields": {"tournamentEntry": 11, "tournamentHole": 39, "shotsTaken": 5, "approved": true}}, {"model": "marioGolf.tournamententryhole", "pk": 220, "fields": {"tournamentEntry": 11, "tournamentHole": 40, "shotsTaken": 4, "approved": true}}, {"model": "marioGolf.tournamententryhole", "pk": 221, "fields": {"tournamentEntry": 11, "tournamentHole": 41, "shotsTaken": 3, "approved": true}}, {"model": "marioGolf.tournamententryhole", "pk": 222, "fields": {"tournamentEntry": 11, "tournamentHole": 42, "shotsTaken": 2, "approved": true}}, {"model": "marioGolf.tournamententryhole", "pk": 223, "fields": {"tournamentEntry": 11, "tournamentHole": 43, "shotsTaken": 4, "approved": true}}, {"model": "marioGolf.tournamententryhole", "pk": 224, "fields": {"tournamentEntry": 11, "tournamentHole": 44, "shotsTaken": 4, "approved": true}}, {"model": "marioGolf.tournamententryhole", "pk": 225, "fields": {"tournamentEntry": 11, "tournamentHole": 45, "shotsTaken": 3, "approved": true}}, {"model": "marioGolf.tournamententryhole", "pk": 226, "fields": {"tournamentEntry": 11, "tournamentHole": 46, "shotsTaken": 3, "approved": true}}, {"model": "marioGolf.tournamententryhole", "pk": 227, "fields": {"tournamentEntry": 11, "tournamentHole": 47, "shotsTaken": 3, "approved": true}}, {"model": "marioGolf.tournamententryhole", "pk": 228, "fields": {"tournamentEntry": 11, "tournamentHole": 48, "shotsTaken": 4, "approved": true}}, {"model": "marioGolf.tournamententryhole", "pk": 229, "fields": {"tournamentEntry": 11, "tournamentHole": 49, "shotsTaken": 3, "approved": true}}, {"model": "marioGolf.tournamententryhole", "pk": 230, "fields": {"tournamentEntry": 11, "tournamentHole": 50, "shotsTaken": 3, "approved": true}}, {"model": "marioGolf.tournamententryhole", "pk": 231, "fields": {"tournamentEntry": 11, "tournamentHole": 51, "shotsTaken": 3, "approved": true}}, {"model": "marioGolf.tournamententryhole", "pk": 232, "fields": {"tournamentEntry": 11, "tournamentHole": 52, "shotsTaken": 3, "approved": true}}, {"model": "marioGolf.tournamententryhole", "pk": 233, "fields": {"tournamentEntry": 11, "tournamentHole": 53, "shotsTaken": 4, "approved": true}}, {"model": "marioGolf.tournamententryhole", "pk": 234, "fields": {"tournamentEntry": 11, "tournamentHole": 54, "shotsTaken": 5, "approved": true}}, {"model": "marioGolf.tournamententryhole", "pk": 235, "fields": {"tournamentEntry": 12, "tournamentHole": 19, "shotsTaken": 3, "approved": true}}, {"model": "marioGolf.tournamententryhole", "pk": 236, "fields": {"tournamentEntry": 12, "tournamentHole": 20, "shotsTaken": 2, "approved": true}}, {"model": "marioGolf.tournamententryhole", "pk": 237, "fields": {"tournamentEntry": 12, "tournamentHole": 21, "shotsTaken": 5, "approved": true}}, {"model": "marioGolf.tournamententryhole", "pk": 238, "fields": {"tournamentEntry": 12, "tournamentHole": 22, "shotsTaken": 5, "approved": true}}, {"model": "marioGolf.tournamententryhole", "pk": 239, "fields": {"tournamentEntry": 12, "tournamentHole": 23, "shotsTaken": 3, "approved": true}}, {"model": "marioGolf.tournamententryhole", "pk": 240, "fields": {"tournamentEntry": 12, "tournamentHole": 24, "shotsTaken": 3, "approved": true}}, {"model": "marioGolf.tournamententryhole", "pk": 241, "fields": {"tournamentEntry": 12, "tournamentHole": 25, "shotsTaken": 4, "approved": true}}, {"model": "marioGolf.tournamententryhole", "pk": 242, "fields": {"tournamentEntry": 12, "tournamentHole": 26, "shotsTaken": 3, "approved": true}}, {"model": "marioGolf.tournamententryhole", "pk": 243, "fields": {"tournamentEntry": 12, "tournamentHole": 27, "shotsTaken": 3, "approved": true}}, {"model": "marioGolf.tournamententryhole", "pk": 244, "fields": {"tournamentEntry": 12, "tournamentHole": 28, "shotsTaken": 3, "approved": true}}, {"model": "marioGolf.tournamententryhole", "pk": 245, "fields": {"tournamentEntry": 12, "tournamentHole": 29, "shotsTaken": 3, "approved": true}}, {"model": "marioGolf.tournamententryhole", "pk": 246, "fields": {"tournamentEntry": 12, "tournamentHole": 30, "shotsTaken": 4, "approved": true}}, {"model": "marioGolf.tournamententryhole", "pk": 247, "fields": {"tournamentEntry": 12, "tournamentHole": 31, "shotsTaken": 4, "approved": true}}, {"model": "marioGolf.tournamententryhole", "pk": 248, "fields": {"tournamentEntry": 12, "tournamentHole": 32, "shotsTaken": 3, "approved": true}}, {"model": "marioGolf.tournamententryhole", "pk": 249, "fields": {"tournamentEntry": 12, "tournamentHole": 33, "shotsTaken": 4, "approved": true}}, {"model": "marioGolf.tournamententryhole", "pk": 250, "fields": {"tournamentEntry": 12, "tournamentHole": 34, "shotsTaken": 2, "approved": true}}, {"model": "marioGolf.tournamententryhole", "pk": 251, "fields": {"tournamentEntry": 12, "tournamentHole": 35, "shotsTaken": 3, "approved": true}}, {"model": "marioGolf.tournamententryhole", "pk": 252, "fields": {"tournamentEntry": 12, "tournamentHole": 36, "shotsTaken": 4, "approved": true}}, {"model": "marioGolf.tournamententryhole", "pk": 253, "fields": {"tournamentEntry": 12, "tournamentHole": 37, "shotsTaken": 4, "approved": true}}, {"model": "marioGolf.tournamententryhole", "pk": 254, "fields": {"tournamentEntry": 12, "tournamentHole": 38, "shotsTaken": 3, "approved": true}}, {"model": "marioGolf.tournamententryhole", "pk": 255, "fields": {"tournamentEntry": 12, "tournamentHole": 39, "shotsTaken": 5, "approved": true}}, {"model": "marioGolf.tournamententryhole", "pk": 256, "fields": {"tournamentEntry": 12, "tournamentHole": 40, "shotsTaken": 4, "approved": true}}, {"model": "marioGolf.tournamententryhole", "pk": 257, "fields": {"tournamentEntry": 12, "tournamentHole": 41, "shotsTaken": 4, "approved": true}}, {"model": "marioGolf.tournamententryhole", "pk": 258, "fields": {"tournamentEntry": 12, "tournamentHole": 42, "shotsTaken": 2, "approved": true}}, {"model": "marioGolf.tournamententryhole", "pk": 259, "fields": {"tournamentEntry": 12, "tournamentHole": 43, "shotsTaken": 4, "approved": true}}, {"model": "marioGolf.tournamententryhole", "pk": 260, "fields": {"tournamentEntry": 12, "tournamentHole": 44, "shotsTaken": 4, "approved": true}}, {"model": "marioGolf.tournamententryhole", "pk": 261, "fields": {"tournamentEntry": 12, "tournamentHole": 45, "shotsTaken": 3, "approved": true}}, {"model": "marioGolf.tournamententryhole", "pk": 262, "fields": {"tournamentEntry": 12, "tournamentHole": 46, "shotsTaken": 4, "approved": true}}, {"model": "marioGolf.tournamententryhole", "pk": 263, "fields": {"tournamentEntry": 12, "tournamentHole": 47, "shotsTaken": 2, "approved": true}}, {"model": "marioGolf.tournamententryhole", "pk": 264, "fields": {"tournamentEntry": 12, "tournamentHole": 48, "shotsTaken": 4, "approved": true}}, {"model": "marioGolf.tournamententryhole", "pk": 265, "fields": {"tournamentEntry": 12, "tournamentHole": 49, "shotsTaken": 4, "approved": true}}, {"model": "marioGolf.tournamententryhole", "pk": 266, "fields": {"tournamentEntry": 12, "tournamentHole": 50, "shotsTaken": 4, "approved": true}}, {"model": "marioGolf.tournamententryhole", "pk": 267, "fields": {"tournamentEntry": 12, "tournamentHole": 51, "shotsTaken": 3, "approved": true}}, {"model": "marioGolf.tournamententryhole", "pk": 268, "fields": {"tournamentEntry": 12, "tournamentHole": 52, "shotsTaken": 4, "approved": true}}, {"model": "marioGolf.tournamententryhole", "pk": 269, "fields": {"tournamentEntry": 12, "tournamentHole": 53, "shotsTaken": 4, "approved": true}}, {"model": "marioGolf.tournamententryhole", "pk": 270, "fields": {"tournamentEntry": 12, "tournamentHole": 54, "shotsTaken": 4, "approved": true}}, {"model": "marioGolf.tournamententryhole", "pk": 271, "fields": {"tournamentEntry": 13, "tournamentHole": 19, "shotsTaken": 3, "approved": true}}, {"model": "marioGolf.tournamententryhole", "pk": 272, "fields": {"tournamentEntry": 13, "tournamentHole": 20, "shotsTaken": 2, "approved": true}}, {"model": "marioGolf.tournamententryhole", "pk": 273, "fields": {"tournamentEntry": 13, "tournamentHole": 21, "shotsTaken": 5, "approved": true}}, {"model": "marioGolf.tournamententryhole", "pk": 274, "fields": {"tournamentEntry": 13, "tournamentHole": 22, "shotsTaken": 3, "approved": true}}, {"model": "marioGolf.tournamententryhole", "pk": 275, "fields": {"tournamentEntry": 13, "tournamentHole": 23, "shotsTaken": 3, "approved": true}}, {"model": "marioGolf.tournamententryhole", "pk": 276, "fields": {"tournamentEntry": 13, "tournamentHole": 24, "shotsTaken": 3, "approved": true}}, {"model": "marioGolf.tournamententryhole", "pk": 277, "fields": {"tournamentEntry": 13, "tournamentHole": 25, "shotsTaken": 3, "approved": true}}, {"model": "marioGolf.tournamententryhole", "pk": 278, "fields": {"tournamentEntry": 13, "tournamentHole": 26, "shotsTaken": 4, "approved": true}}, {"model": "marioGolf.tournamententryhole", "pk": 279, "fields": {"tournamentEntry": 13, "tournamentHole": 27, "shotsTaken": 3, "approved": true}}, {"model": "marioGolf.tournamententryhole", "pk": 280, "fields": {"tournamentEntry": 13, "tournamentHole": 28, "shotsTaken": 3, "approved": true}}, {"model": "marioGolf.tournamententryhole", "pk": 281, "fields": {"tournamentEntry": 13, "tournamentHole": 29, "shotsTaken": 4, "approved": true}}, {"model": "marioGolf.tournamententryhole", "pk": 282, "fields": {"tournamentEntry": 13, "tournamentHole": 30, "shotsTaken": 4, "approved": true}}, {"model": "marioGolf.tournamententryhole", "pk": 283, "fields": {"tournamentEntry": 13, "tournamentHole": 31, "shotsTaken": 4, "approved": true}}, {"model": "marioGolf.tournamententryhole", "pk": 284, "fields": {"tournamentEntry": 13, "tournamentHole": 32, "shotsTaken": 3, "approved": true}}, {"model": "marioGolf.tournamententryhole", "pk": 285, "fields": {"tournamentEntry": 13, "tournamentHole": 33, "shotsTaken": 3, "approved": true}}, {"model": "marioGolf.tournamententryhole", "pk": 286, "fields": {"tournamentEntry": 13, "tournamentHole": 34, "shotsTaken": 2, "approved": true}}, {"model": "marioGolf.tournamententryhole", "pk": 287, "fields": {"tournamentEntry": 13, "tournamentHole": 35, "shotsTaken": 3, "approved": true}}, {"model": "marioGolf.tournamententryhole", "pk": 288, "fields": {"tournamentEntry": 13, "tournamentHole": 36, "shotsTaken": 3, "approved": true}}, {"model": "marioGolf.tournamententryhole", "pk": 289, "fields": {"tournamentEntry": 13, "tournamentHole": 37, "shotsTaken": 3, "approved": true}}, {"model": "marioGolf.tournamententryhole", "pk": 290, "fields": {"tournamentEntry": 13, "tournamentHole": 38, "shotsTaken": 2, "approved": true}}, {"model": "marioGolf.tournamententryhole", "pk": 291, "fields": {"tournamentEntry": 13, "tournamentHole": 39, "shotsTaken": 5, "approved": true}}, {"model": "marioGolf.tournamententryhole", "pk": 292, "fields": {"tournamentEntry": 13, "tournamentHole": 40, "shotsTaken": 4, "approved": true}}, {"model": "marioGolf.tournamententryhole", "pk": 293, "fields": {"tournamentEntry": 13, "tournamentHole": 41, "shotsTaken": 3, "approved": true}}, {"model": "marioGolf.tournamententryhole", "pk": 294, "fields": {"tournamentEntry": 13, "tournamentHole": 42, "shotsTaken": 2, "approved": true}}, {"model": "marioGolf.tournamententryhole", "pk": 295, "fields": {"tournamentEntry": 13, "tournamentHole": 43, "shotsTaken": 3, "approved": true}}, {"model": "marioGolf.tournamententryhole", "pk": 296, "fields": {"tournamentEntry": 13, "tournamentHole": 44, "shotsTaken": 4, "approved": true}}, {"model": "marioGolf.tournamententryhole", "pk": 297, "fields": {"tournamentEntry": 13, "tournamentHole": 45, "shotsTaken": 3, "approved": true}}, {"model": "marioGolf.tournamententryhole", "pk": 298, "fields": {"tournamentEntry": 13, "tournamentHole": 46, "shotsTaken": 5, "approved": true}}, {"model": "marioGolf.tournamententryhole", "pk": 299, "fields": {"tournamentEntry": 13, "tournamentHole": 47, "shotsTaken": 2, "approved": true}}, {"model": "marioGolf.tournamententryhole", "pk": 300, "fields": {"tournamentEntry": 13, "tournamentHole": 48, "shotsTaken": 4, "approved": true}}, {"model": "marioGolf.tournamententryhole", "pk": 301, "fields": {"tournamentEntry": 13, "tournamentHole": 49, "shotsTaken": 3, "approved": true}}, {"model": "marioGolf.tournamententryhole", "pk": 302, "fields": {"tournamentEntry": 13, "tournamentHole": 50, "shotsTaken": 3, "approved": true}}, {"model": "marioGolf.tournamententryhole", "pk": 303, "fields": {"tournamentEntry": 13, "tournamentHole": 51, "shotsTaken": 2, "approved": true}}, {"model": "marioGolf.tournamententryhole", "pk": 304, "fields": {"tournamentEntry": 13, "tournamentHole": 52, "shotsTaken": 4, "approved": true}}, {"model": "marioGolf.tournamententryhole", "pk": 305, "fields": {"tournamentEntry": 13, "tournamentHole": 53, "shotsTaken": 4, "approved": true}}, {"model": "marioGolf.tournamententryhole", "pk": 306, "fields": {"tournamentEntry": 13, "tournamentHole": 54, "shotsTaken": 5, "approved": true}}]