[{"model": "marioGolf.player", "pk": 1, "fields": {"playerName": "Luke"}}, {"model": "marioGolf.player", "pk": 2, "fields": {"playerName": "Stephen"}}, {"model": "marioGolf.player", "pk": 3, "fields": {"playerName": "Justin"}}, {"model": "marioGolf.player", "pk": 4, "fields": {"playerName": "Danny"}}, {"model": "marioGolf.player", "pk": 5, "fields": {"playerName": "Ben"}}, {"model": "marioGolf.player", "pk": 6, "fields": {"playerName": "Kenny"}}, {"model": "marioGolf.player", "pk": 7, "fields": {"playerName": "Ian"}}, {"model": "marioGolf.character", "pk": 1, "fields": {"characterName": "Mario", "fullImageName": "mario.webp", "characterPrimaryColor": "#ff0001"}}, {"model": "marioGolf.character", "pk": 2, "fields": {"characterName": "Luigi", "fullImageName": "luigi.webp", "characterPrimaryColor": "#00c100"}}, {"model": "marioGolf.character", "pk": 3, "fields": {"characterName": "Daisy", "fullImageName": "daisy.webp", "characterPrimaryColor": "#ffbe24"}}, {"model": "marioGolf.character", "pk": 4, "fields": {"characterName": "Yoshi", "fullImageName": "yoshi.webp", "characterPrimaryColor": "#36d836"}}, {"model": "marioGolf.character", "pk": 5, "fields": {"characterName": "Bowser", "fullImageName": "bowser.webp", "characterPrimaryColor": "#000000"}}, {"model": "marioGolf.character", "pk": 6, "fields": {"characterName": "Donkey Kong", "fullImageName": "donkeykong.webp", "characterPrimaryColor": "#8b4513"}}, {"model": "marioGolf.character", "pk": 7, "fields": {"characterName": "Chargin' Chuck", "fullImageName": "charginchuck.png", "characterPrimaryColor": "#ffc94a"}}, {"model": "marioGolf.character", "pk": 8, "fields": {"characterName": "King Bob-omb", "fullImageName": "kingbobomb.png", "characterPrimaryColor": "#404040"}}, {"model": "marioGolf.character", "pk": 9, "fields": {"characterName": "Peach", "fullImageName": "peach.webp", "characterPrimaryColor": "#ff599b"}}, {"model": "marioGolf.character", "pk": 10, "fields": {"characterName": "Pauline", "fullImageName": "pauline.webp", "characterPrimaryColor": "#cc0000"}}, {"model": "marioGolf.character", "pk": 11, "fields": {"characterName": "Toad", "fullImageName": "toad.webp", "characterPrimaryColor": "#0000ff"}}, {"model": "marioGolf.character", "pk": 12, "fields": {"characterName": "Bowser Jr.", "fullImageName": "bowserjr.webp", "characterPrimaryColor": "#ff8c00"}}, {"model": "marioGolf.character", "pk": 13, "fields": {"characterName": "Boo", "fullImageName": "boo.webp", "characterPrimaryColor": "#808080"}}, {"model": "marioGolf.character", "pk": 14, "fields": {"characterName": "Wario", "fullImageName": "wario.webp", "characterPrimaryColor": "#ffe500"}}, {"model": "marioGolf.character", "pk": 15, "fields": {"characterName": "Waluigi", "fullImageName": "waluigi.webp", "characterPrimaryColor": "#6d2dc3"}}, {"model": "marioGolf.character", "pk": 16, "fields": {"characterName": "Rosalina", "fullImageName": "rosalina.webp", "characterPrimaryColor": "#30d5c8"}}, {"model": "marioGolf.character", "pk": 17, "fields": {"characterName": "Mii", "fullImageName": "mii.png", "characterPrimaryColor": "#C8AE81"}}, {"model": "marioGolf.characterstats", "pk": 1, "fields": {"character": 1, "characterType": "SPEED", "characterPower": 220, "character2StarPower": 280}}, {"model": "marioGolf.characterstats", "pk": 2, "fields": {"character": 2, "characterType": "SPEED", "characterPower": 211, "character2StarPower": null}}, {"model": "marioGolf.characterstats", "pk": 3, "fields": {"character": 3, "characterType": "SPEED", "characterPower": 218, "character2StarPower": null}}, {"model": "marioGolf.characterstats", "pk": 4, "fields": {"character": 4, "characterType": "SPEED", "characterPower": 213, "character2StarPower": 273}}, {"model": "marioGolf.characterstats", "pk": 5, "fields": {"character": 5, "characterType": "POWER", "characterPower": 228, "character2StarPower": null}}, {"model": "marioGolf.characterstats", "pk": 6, "fields": {"character": 6, "characterType": "POWER", "characterPower": 225, "character2StarPower": null}}, {"model": "marioGolf.characterstats", "pk": 7, "fields": {"character": 7, "characterType": "POWER", "characterPower": 224, "character2StarPower": null}}, {"model": "marioGolf.characterstats", "pk": 8, "fields": {"character": 8, "characterType": "POWER", "characterPower": 230, "character2StarPower": null}}, {"model": "marioGolf.characterstats", "pk": 9, "fields": {"character": 9, "characterType": "CONTROL", "characterPower": 209, "character2StarPower": null}}, {"model": "marioGolf.characterstats", "pk": 10, "fields": {"character": 10, "characterType": "CONTROL", "characterPower": 210, "character2StarPower": null}}, {"model": "marioGolf.characterstats", "pk": 11, "fields": {"character": 11, "characterType": "CONTROL", "characterPower": 208, "character2StarPower": null}}, {"model": "marioGolf.characterstats", "pk": 12, "fields": {"character": 12, "characterType": "SPIN", "characterPower": 215, "character2StarPower": null}}, {"model": "marioGolf.characterstats", "pk": 13, "fields": {"character": 13, "characterType": "SPIN", "characterPower": 210, "character2StarPower": null}}, {"model": "marioGolf.characterstats", "pk": 14, "fields": {"character": 14, "characterType": "ALL-ROUND", "characterPower": 223, "character2StarPower": null}}, {"model": "marioGolf.characterstats", "pk": 15, "fields": {"character": 15, "characterType": "ALL-ROUND", "characterPower": 213, "character2StarPower": null}}, {"model": "marioGolf.characterstats", "pk": 16, "fields": {"character": 16, "characterType": "ALL-ROUND", "characterPower": 223, "character2StarPower": null}}, {"model": "marioGolf.course", "pk": 1, "fields": {"courseName": "Rookie Course", "courseDescription": "A basic course perfect for beginners", "courseGlyph": null}}, {"model": "marioGolf.course", "pk": 2, "fields": {"courseName": "Bonny Greens", "courseDescription": "A classic course featuring rolling hills and beautiful scenery", "courseGlyph": null}}, {"model": "marioGolf.course", "pk": 3, "fields": {"courseName": "Ridgerock Lake", "courseDescription": "A windy course featuring steep cliffs and a majestic lake", "courseGlyph": null}}, {"model": "marioGolf.course", "pk": 4, "fields": {"courseName": "Balmy Dunes", "courseDescription": "A desert course featuring sandy dunes and rocky mountains", "courseGlyph": null}}, {"model": "marioGolf.course", "pk": 5, "fields": {"courseName": "Wildweather Woods", "courseDescription": "A woodsy course prone to heavy rain and thunderstorms", "courseGlyph": null}}, {"model": "marioGolf.course", "pk": 6, "fields": {"courseName": "Bowser Highlands", "courseDescription": null, "courseGlyph": null}}, {"model": "marioGolf.tournamenttype", "pk": 1, "fields": {"typeName": "Standard"}}]