[{"model": "marioGolf.player", "pk": 1, "fields": {"playerName": "Luke"}}, {"model": "marioGolf.player", "pk": 2, "fields": {"playerName": "Stephen"}}, {"model": "marioGolf.player", "pk": 3, "fields": {"playerName": "Justin"}}, {"model": "marioGolf.player", "pk": 4, "fields": {"playerName": "Danny"}}, {"model": "marioGolf.player", "pk": 5, "fields": {"playerName": "Ben"}}, {"model": "marioGolf.player", "pk": 6, "fields": {"playerName": "Kenny"}}, {"model": "marioGolf.player", "pk": 7, "fields": {"playerName": "Ian"}}, {"model": "marioGolf.character", "pk": 1, "fields": {"characterName": "Mario", "fullImageName": "mario.webp", "characterPrimaryColor": "#ff0001"}}, {"model": "marioGolf.character", "pk": 2, "fields": {"characterName": "Luigi", "fullImageName": "luigi.webp", "characterPrimaryColor": "#00c100"}}, {"model": "marioGolf.character", "pk": 3, "fields": {"characterName": "Daisy", "fullImageName": "daisy.webp", "characterPrimaryColor": "#ffbe24"}}, {"model": "marioGolf.character", "pk": 4, "fields": {"characterName": "Yoshi", "fullImageName": "yoshi.webp", "characterPrimaryColor": "#36d836"}}, {"model": "marioGolf.character", "pk": 5, "fields": {"characterName": "Bowser", "fullImageName": "bowser.webp", "characterPrimaryColor": "#000000"}}, {"model": "marioGolf.character", "pk": 6, "fields": {"characterName": "Donkey Kong", "fullImageName": "donkeykong.webp", "characterPrimaryColor": "#8b4513"}}, {"model": "marioGolf.character", "pk": 7, "fields": {"characterName": "Chargin' Chuck", "fullImageName": "charginchuck.png", "characterPrimaryColor": "#ffc94a"}}, {"model": "marioGolf.character", "pk": 8, "fields": {"characterName": "King Bob-omb", "fullImageName": "kingbobomb.png", "characterPrimaryColor": "#404040"}}, {"model": "marioGolf.character", "pk": 9, "fields": {"characterName": "Peach", "fullImageName": "peach.webp", "characterPrimaryColor": "#ff599b"}}, {"model": "marioGolf.character", "pk": 10, "fields": {"characterName": "Pauline", "fullImageName": "pauline.webp", "characterPrimaryColor": "#cc0000"}}, {"model": "marioGolf.character", "pk": 11, "fields": {"characterName": "Toad", "fullImageName": "toad.webp", "characterPrimaryColor": "#0000ff"}}, {"model": "marioGolf.character", "pk": 12, "fields": {"characterName": "Bowser Jr.", "fullImageName": "bowserjr.webp", "characterPrimaryColor": "#ff8c00"}}, {"model": "marioGolf.character", "pk": 13, "fields": {"characterName": "Boo", "fullImageName": "boo.webp", "characterPrimaryColor": "#808080"}}, {"model": "marioGolf.character", "pk": 14, "fields": {"characterName": "Wario", "fullImageName": "wario.webp", "characterPrimaryColor": "#ffe500"}}, {"model": "marioGolf.character", "pk": 15, "fields": {"characterName": "Waluigi", "fullImageName": "waluigi.webp", "characterPrimaryColor": "#6d2dc3"}}, {"model": "marioGolf.character", "pk": 16, "fields": {"characterName": "Rosalina", "fullImageName": "rosalina.webp", "characterPrimaryColor": "#30d5c8"}}, {"model": "marioGolf.character", "pk": 17, "fields": {"characterName": "Mii", "fullImageName": "mii.png", "characterPrimaryColor": "#C8AE81"}}, {"model": "marioGolf.characterstats", "pk": 1, "fields": {"character": 1, "characterType": "SPEED", "characterPower": 220, "character2StarPower": 280}}, {"model": "marioGolf.characterstats", "pk": 2, "fields": {"character": 2, "characterType": "SPEED", "characterPower": 211, "character2StarPower": null}}, {"model": "marioGolf.characterstats", "pk": 3, "fields": {"character": 3, "characterType": "SPEED", "characterPower": 218, "character2StarPower": null}}, {"model": "marioGolf.characterstats", "pk": 4, "fields": {"character": 4, "characterType": "SPEED", "characterPower": 213, "character2StarPower": 273}}, {"model": "marioGolf.characterstats", "pk": 5, "fields": {"character": 5, "characterType": "POWER", "characterPower": 228, "character2StarPower": null}}, {"model": "marioGolf.characterstats", "pk": 6, "fields": {"character": 6, "characterType": "POWER", "characterPower": 225, "character2StarPower": null}}, {"model": "marioGolf.characterstats", "pk": 7, "fields": {"character": 7, "characterType": "POWER", "characterPower": 224, "character2StarPower": null}}, {"model": "marioGolf.characterstats", "pk": 8, "fields": {"character": 8, "characterType": "POWER", "characterPower": 230, "character2StarPower": null}}, {"model": "marioGolf.characterstats", "pk": 9, "fields": {"character": 9, "characterType": "CONTROL", "characterPower": 209, "character2StarPower": null}}, {"model": "marioGolf.characterstats", "pk": 10, "fields": {"character": 10, "characterType": "CONTROL", "characterPower": 210, "character2StarPower": null}}, {"model": "marioGolf.characterstats", "pk": 11, "fields": {"character": 11, "characterType": "CONTROL", "characterPower": 208, "character2StarPower": null}}, {"model": "marioGolf.characterstats", "pk": 12, "fields": {"character": 12, "characterType": "SPIN", "characterPower": 215, "character2StarPower": null}}, {"model": "marioGolf.characterstats", "pk": 13, "fields": {"character": 13, "characterType": "SPIN", "characterPower": 210, "character2StarPower": null}}, {"model": "marioGolf.characterstats", "pk": 14, "fields": {"character": 14, "characterType": "ALL-ROUND", "characterPower": 223, "character2StarPower": null}}, {"model": "marioGolf.characterstats", "pk": 15, "fields": {"character": 15, "characterType": "ALL-ROUND", "characterPower": 213, "character2StarPower": null}}, {"model": "marioGolf.characterstats", "pk": 16, "fields": {"character": 16, "characterType": "ALL-ROUND", "characterPower": 223, "character2StarPower": null}}, {"model": "marioGolf.course", "pk": 1, "fields": {"courseName": "Rookie Course", "courseDescription": "A basic course perfect for beginners", "courseGlyph": null}}, {"model": "marioGolf.course", "pk": 2, "fields": {"courseName": "Bonny Greens", "courseDescription": "A classic course featuring rolling hills and beautiful scenery", "courseGlyph": null}}, {"model": "marioGolf.course", "pk": 3, "fields": {"courseName": "Ridgerock Lake", "courseDescription": "A windy course featuring steep cliffs and a majestic lake", "courseGlyph": null}}, {"model": "marioGolf.course", "pk": 4, "fields": {"courseName": "Balmy Dunes", "courseDescription": "A desert course featuring sandy dunes and rocky mountains", "courseGlyph": null}}, {"model": "marioGolf.course", "pk": 5, "fields": {"courseName": "Wildweather Woods", "courseDescription": "A woodsy course prone to heavy rain and thunderstorms", "courseGlyph": null}}, {"model": "marioGolf.course", "pk": 6, "fields": {"courseName": "Bowser Highlands", "courseDescription": null, "courseGlyph": null}}, {"model": "marioGolf.hole", "pk": 1, "fields": {"course": 1, "holeNumber": 1, "par": 4}}, {"model": "marioGolf.hole", "pk": 2, "fields": {"course": 1, "holeNumber": 2, "par": 4}}, {"model": "marioGolf.hole", "pk": 3, "fields": {"course": 1, "holeNumber": 3, "par": 3}}, {"model": "marioGolf.hole", "pk": 4, "fields": {"course": 1, "holeNumber": 4, "par": 4}}, {"model": "marioGolf.hole", "pk": 5, "fields": {"course": 1, "holeNumber": 5, "par": 4}}, {"model": "marioGolf.hole", "pk": 6, "fields": {"course": 1, "holeNumber": 6, "par": 5}}, {"model": "marioGolf.hole", "pk": 7, "fields": {"course": 1, "holeNumber": 7, "par": 4}}, {"model": "marioGolf.hole", "pk": 8, "fields": {"course": 1, "holeNumber": 8, "par": 3}}, {"model": "marioGolf.hole", "pk": 9, "fields": {"course": 1, "holeNumber": 9, "par": 5}}, {"model": "marioGolf.hole", "pk": 10, "fields": {"course": 1, "holeNumber": 10, "par": 4}}, {"model": "marioGolf.hole", "pk": 11, "fields": {"course": 1, "holeNumber": 11, "par": 4}}, {"model": "marioGolf.hole", "pk": 12, "fields": {"course": 1, "holeNumber": 12, "par": 5}}, {"model": "marioGolf.hole", "pk": 13, "fields": {"course": 1, "holeNumber": 13, "par": 3}}, {"model": "marioGolf.hole", "pk": 14, "fields": {"course": 1, "holeNumber": 14, "par": 4}}, {"model": "marioGolf.hole", "pk": 15, "fields": {"course": 1, "holeNumber": 15, "par": 4}}, {"model": "marioGolf.hole", "pk": 16, "fields": {"course": 1, "holeNumber": 16, "par": 3}}, {"model": "marioGolf.hole", "pk": 17, "fields": {"course": 1, "holeNumber": 17, "par": 4}}, {"model": "marioGolf.hole", "pk": 18, "fields": {"course": 1, "holeNumber": 18, "par": 5}}, {"model": "marioGolf.tournamenttype", "pk": 1, "fields": {"typeName": "Standard"}}, {"model": "marioGolf.tournament", "pk": 2, "fields": {"name": "Opening Weekend", "startDate": "2021-06-26T00:00:01Z", "endDate": "2021-06-27T23:59:59Z", "tournamentType": 1, "numOfHoles": 18}}, {"model": "marioGolf.tournamenthole", "pk": 1, "fields": {"tournament": 2, "hole": 1, "order": 0}}, {"model": "marioGolf.tournamenthole", "pk": 2, "fields": {"tournament": 2, "hole": 2, "order": 1}}, {"model": "marioGolf.tournamenthole", "pk": 3, "fields": {"tournament": 2, "hole": 3, "order": 2}}, {"model": "marioGolf.tournamenthole", "pk": 4, "fields": {"tournament": 2, "hole": 4, "order": 3}}, {"model": "marioGolf.tournamenthole", "pk": 5, "fields": {"tournament": 2, "hole": 5, "order": 4}}, {"model": "marioGolf.tournamenthole", "pk": 6, "fields": {"tournament": 2, "hole": 6, "order": 5}}, {"model": "marioGolf.tournamenthole", "pk": 7, "fields": {"tournament": 2, "hole": 7, "order": 6}}, {"model": "marioGolf.tournamenthole", "pk": 8, "fields": {"tournament": 2, "hole": 8, "order": 7}}, {"model": "marioGolf.tournamenthole", "pk": 9, "fields": {"tournament": 2, "hole": 9, "order": 8}}, {"model": "marioGolf.tournamenthole", "pk": 10, "fields": {"tournament": 2, "hole": 10, "order": 9}}, {"model": "marioGolf.tournamenthole", "pk": 11, "fields": {"tournament": 2, "hole": 11, "order": 10}}, {"model": "marioGolf.tournamenthole", "pk": 12, "fields": {"tournament": 2, "hole": 12, "order": 11}}, {"model": "marioGolf.tournamenthole", "pk": 13, "fields": {"tournament": 2, "hole": 13, "order": 12}}, {"model": "marioGolf.tournamenthole", "pk": 14, "fields": {"tournament": 2, "hole": 14, "order": 13}}, {"model": "marioGolf.tournamenthole", "pk": 15, "fields": {"tournament": 2, "hole": 15, "order": 14}}, {"model": "marioGolf.tournamenthole", "pk": 16, "fields": {"tournament": 2, "hole": 16, "order": 15}}, {"model": "marioGolf.tournamenthole", "pk": 17, "fields": {"tournament": 2, "hole": 17, "order": 16}}, {"model": "marioGolf.tournamenthole", "pk": 18, "fields": {"tournament": 2, "hole": 18, "order": 17}}, {"model": "marioGolf.tournamententry", "pk": 3, "fields": {"tournament": 2, "player": 1, "character": 11}}, {"model": "marioGolf.tournamententry", "pk": 4, "fields": {"tournament": 2, "player": 2, "character": 10}}, {"model": "marioGolf.tournamententry", "pk": 5, "fields": {"tournament": 2, "player": 3, "character": 5}}, {"model": "marioGolf.tournamententry", "pk": 6, "fields": {"tournament": 2, "player": 6, "character": 5}}, {"model": "marioGolf.tournamententry", "pk": 7, "fields": {"tournament": 2, "player": 4, "character": 3}}, {"model": "marioGolf.tournamententry", "pk": 8, "fields": {"tournament": 2, "player": 5, "character": 2}}, {"model": "marioGolf.tournamententryhole", "pk": 1, "fields": {"tournamentEntry": 3, "tournamentHole": 1, "shotsTaken": 4, "approved": true}}, {"model": "marioGolf.tournamententryhole", "pk": 2, "fields": {"tournamentEntry": 3, "tournamentHole": 2, "shotsTaken": 3, "approved": true}}, {"model": "marioGolf.tournamententryhole", "pk": 3, "fields": {"tournamentEntry": 3, "tournamentHole": 3, "shotsTaken": 2, "approved": true}}, {"model": "marioGolf.tournamententryhole", "pk": 4, "fields": {"tournamentEntry": 3, "tournamentHole": 4, "shotsTaken": 3, "approved": true}}, {"model": "marioGolf.tournamententryhole", "pk": 5, "fields": {"tournamentEntry": 3, "tournamentHole": 5, "shotsTaken": 4, "approved": true}}, {"model": "marioGolf.tournamententryhole", "pk": 6, "fields": {"tournamentEntry": 3, "tournamentHole": 6, "shotsTaken": 4, "approved": true}}, {"model": "marioGolf.tournamententryhole", "pk": 7, "fields": {"tournamentEntry": 3, "tournamentHole": 7, "shotsTaken": 3, "approved": true}}, {"model": "marioGolf.tournamententryhole", "pk": 8, "fields": {"tournamentEntry": 3, "tournamentHole": 8, "shotsTaken": 3, "approved": true}}, {"model": "marioGolf.tournamententryhole", "pk": 9, "fields": {"tournamentEntry": 3, "tournamentHole": 9, "shotsTaken": 4, "approved": true}}, {"model": "marioGolf.tournamententryhole", "pk": 10, "fields": {"tournamentEntry": 3, "tournamentHole": 10, "shotsTaken": 4, "approved": true}}, {"model": "marioGolf.tournamententryhole", "pk": 11, "fields": {"tournamentEntry": 3, "tournamentHole": 11, "shotsTaken": 3, "approved": true}}, {"model": "marioGolf.tournamententryhole", "pk": 12, "fields": {"tournamentEntry": 3, "tournamentHole": 12, "shotsTaken": 3, "approved": true}}, {"model": "marioGolf.tournamententryhole", "pk": 13, "fields": {"tournamentEntry": 3, "tournamentHole": 13, "shotsTaken": 1, "approved": true}}, {"model": "marioGolf.tournamententryhole", "pk": 14, "fields": {"tournamentEntry": 3, "tournamentHole": 14, "shotsTaken": 3, "approved": true}}, {"model": "marioGolf.tournamententryhole", "pk": 15, "fields": {"tournamentEntry": 3, "tournamentHole": 15, "shotsTaken": 4, "approved": true}}, {"model": "marioGolf.tournamententryhole", "pk": 16, "fields": {"tournamentEntry": 3, "tournamentHole": 16, "shotsTaken": 3, "approved": true}}, {"model": "marioGolf.tournamententryhole", "pk": 17, "fields": {"tournamentEntry": 3, "tournamentHole": 17, "shotsTaken": 5, "approved": true}}, {"model": "marioGolf.tournamententryhole", "pk": 18, "fields": {"tournamentEntry": 3, "tournamentHole": 18, "shotsTaken": 4, "approved": true}}, {"model": "marioGolf.tournamententryhole", "pk": 19, "fields": {"tournamentEntry": 5, "tournamentHole": 1, "shotsTaken": 3, "approved": true}}, {"model": "marioGolf.tournamententryhole", "pk": 20, "fields": {"tournamentEntry": 5, "tournamentHole": 2, "shotsTaken": 3, "approved": true}}, {"model": "marioGolf.tournamententryhole", "pk": 21, "fields": {"tournamentEntry": 5, "tournamentHole": 3, "shotsTaken": 3, "approved": true}}, {"model": "marioGolf.tournamententryhole", "pk": 22, "fields": {"tournamentEntry": 5, "tournamentHole": 4, "shotsTaken": 3, "approved": true}}, {"model": "marioGolf.tournamententryhole", "pk": 23, "fields": {"tournamentEntry": 5, "tournamentHole": 5, "shotsTaken": 3, "approved": true}}, {"model": "marioGolf.tournamententryhole", "pk": 24, "fields": {"tournamentEntry": 5, "tournamentHole": 6, "shotsTaken": 3, "approved": true}}, {"model": "marioGolf.tournamententryhole", "pk": 25, "fields": {"tournamentEntry": 5, "tournamentHole": 7, "shotsTaken": 4, "approved": true}}, {"model": "marioGolf.tournamententryhole", "pk": 26, "fields": {"tournamentEntry": 5, "tournamentHole": 8, "shotsTaken": 2, "approved": true}}, {"model": "marioGolf.tournamententryhole", "pk": 27, "fields": {"tournamentEntry": 5, "tournamentHole": 9, "shotsTaken": 4, "approved": true}}, {"model": "marioGolf.tournamententryhole", "pk": 28, "fields": {"tournamentEntry": 5, "tournamentHole": 10, "shotsTaken": 3, "approved": true}}, {"model": "marioGolf.tournamententryhole", "pk": 29, "fields": {"tournamentEntry": 5, "tournamentHole": 11, "shotsTaken": 3, "approved": true}}, {"model": "marioGolf.tournamententryhole", "pk": 30, "fields": {"tournamentEntry": 5, "tournamentHole": 12, "shotsTaken": 4, "approved": true}}, {"model": "marioGolf.tournamententryhole", "pk": 31, "fields": {"tournamentEntry": 5, "tournamentHole": 13, "shotsTaken": 1, "approved": true}}, {"model": "marioGolf.tournamententryhole", "pk": 32, "fields": {"tournamentEntry": 5, "tournamentHole": 14, "shotsTaken": 3, "approved": true}}, {"model": "marioGolf.tournamententryhole", "pk": 33, "fields": {"tournamentEntry": 5, "tournamentHole": 15, "shotsTaken": 4, "approved": true}}, {"model": "marioGolf.tournamententryhole", "pk": 34, "fields": {"tournamentEntry": 5, "tournamentHole": 16, "shotsTaken": 2, "approved": true}}, {"model": "marioGolf.tournamententryhole", "pk": 35, "fields": {"tournamentEntry": 5, "tournamentHole": 17, "shotsTaken": 3, "approved": true}}, {"model": "marioGolf.tournamententryhole", "pk": 36, "fields": {"tournamentEntry": 5, "tournamentHole": 18, "shotsTaken": 3, "approved": true}}, {"model": "marioGolf.tournamententryhole", "pk": 73, "fields": {"tournamentEntry": 4, "tournamentHole": 1, "shotsTaken": 3, "approved": true}}, {"model": "marioGolf.tournamententryhole", "pk": 74, "fields": {"tournamentEntry": 4, "tournamentHole": 2, "shotsTaken": 3, "approved": true}}, {"model": "marioGolf.tournamententryhole", "pk": 75, "fields": {"tournamentEntry": 4, "tournamentHole": 3, "shotsTaken": 2, "approved": true}}, {"model": "marioGolf.tournamententryhole", "pk": 76, "fields": {"tournamentEntry": 4, "tournamentHole": 4, "shotsTaken": 3, "approved": true}}, {"model": "marioGolf.tournamententryhole", "pk": 77, "fields": {"tournamentEntry": 4, "tournamentHole": 5, "shotsTaken": 3, "approved": true}}, {"model": "marioGolf.tournamententryhole", "pk": 78, "fields": {"tournamentEntry": 4, "tournamentHole": 6, "shotsTaken": 3, "approved": true}}, {"model": "marioGolf.tournamententryhole", "pk": 79, "fields": {"tournamentEntry": 4, "tournamentHole": 7, "shotsTaken": 3, "approved": true}}, {"model": "marioGolf.tournamententryhole", "pk": 80, "fields": {"tournamentEntry": 4, "tournamentHole": 8, "shotsTaken": 3, "approved": true}}, {"model": "marioGolf.tournamententryhole", "pk": 81, "fields": {"tournamentEntry": 4, "tournamentHole": 9, "shotsTaken": 3, "approved": true}}, {"model": "marioGolf.tournamententryhole", "pk": 82, "fields": {"tournamentEntry": 4, "tournamentHole": 10, "shotsTaken": 3, "approved": true}}, {"model": "marioGolf.tournamententryhole", "pk": 83, "fields": {"tournamentEntry": 4, "tournamentHole": 11, "shotsTaken": 3, "approved": true}}, {"model": "marioGolf.tournamententryhole", "pk": 84, "fields": {"tournamentEntry": 4, "tournamentHole": 12, "shotsTaken": 3, "approved": true}}, {"model": "marioGolf.tournamententryhole", "pk": 85, "fields": {"tournamentEntry": 4, "tournamentHole": 13, "shotsTaken": 2, "approved": true}}, {"model": "marioGolf.tournamententryhole", "pk": 86, "fields": {"tournamentEntry": 4, "tournamentHole": 14, "shotsTaken": 3, "approved": true}}, {"model": "marioGolf.tournamententryhole", "pk": 87, "fields": {"tournamentEntry": 4, "tournamentHole": 15, "shotsTaken": 3, "approved": true}}, {"model": "marioGolf.tournamententryhole", "pk": 88, "fields": {"tournamentEntry": 4, "tournamentHole": 16, "shotsTaken": 2, "approved": true}}, {"model": "marioGolf.tournamententryhole", "pk": 89, "fields": {"tournamentEntry": 4, "tournamentHole": 17, "shotsTaken": 3, "approved": true}}, {"model": "marioGolf.tournamententryhole", "pk": 90, "fields": {"tournamentEntry": 4, "tournamentHole": 18, "shotsTaken": 3, "approved": true}}, {"model": "marioGolf.tournamententryhole", "pk": 91, "fields": {"tournamentEntry": 7, "tournamentHole": 1, "shotsTaken": 4, "approved": true}}, {"model": "marioGolf.tournamententryhole", "pk": 92, "fields": {"tournamentEntry": 7, "tournamentHole": 2, "shotsTaken": 3, "approved": true}}, {"model": "marioGolf.tournamententryhole", "pk": 93, "fields": {"tournamentEntry": 7, "tournamentHole": 3, "shotsTaken": 3, "approved": true}}, {"model": "marioGolf.tournamententryhole", "pk": 94, "fields": {"tournamentEntry": 7, "tournamentHole": 4, "shotsTaken": 3, "approved": true}}, {"model": "marioGolf.tournamententryhole", "pk": 95, "fields": {"tournamentEntry": 7, "tournamentHole": 5, "shotsTaken": 3, "approved": true}}, {"model": "marioGolf.tournamententryhole", "pk": 96, "fields": {"tournamentEntry": 7, "tournamentHole": 6, "shotsTaken": 3, "approved": true}}, {"model": "marioGolf.tournamententryhole", "pk": 97, "fields": {"tournamentEntry": 7, "tournamentHole": 7, "shotsTaken": 3, "approved": true}}, {"model": "marioGolf.tournamententryhole", "pk": 98, "fields": {"tournamentEntry": 7, "tournamentHole": 8, "shotsTaken": 2, "approved": true}}, {"model": "marioGolf.tournamententryhole", "pk": 99, "fields": {"tournamentEntry": 7, "tournamentHole": 9, "shotsTaken": 3, "approved": true}}, {"model": "marioGolf.tournamententryhole", "pk": 100, "fields": {"tournamentEntry": 7, "tournamentHole": 10, "shotsTaken": 3, "approved": true}}, {"model": "marioGolf.tournamententryhole", "pk": 101, "fields": {"tournamentEntry": 7, "tournamentHole": 11, "shotsTaken": 3, "approved": true}}, {"model": "marioGolf.tournamententryhole", "pk": 102, "fields": {"tournamentEntry": 7, "tournamentHole": 12, "shotsTaken": 4, "approved": true}}, {"model": "marioGolf.tournamententryhole", "pk": 103, "fields": {"tournamentEntry": 7, "tournamentHole": 13, "shotsTaken": 2, "approved": true}}, {"model": "marioGolf.tournamententryhole", "pk": 104, "fields": {"tournamentEntry": 7, "tournamentHole": 14, "shotsTaken": 3, "approved": true}}, {"model": "marioGolf.tournamententryhole", "pk": 105, "fields": {"tournamentEntry": 7, "tournamentHole": 15, "shotsTaken": 4, "approved": true}}, {"model": "marioGolf.tournamententryhole", "pk": 106, "fields": {"tournamentEntry": 7, "tournamentHole": 16, "shotsTaken": 3, "approved": true}}, {"model": "marioGolf.tournamententryhole", "pk": 107, "fields": {"tournamentEntry": 7, "tournamentHole": 17, "shotsTaken": 3, "approved": true}}, {"model": "marioGolf.tournamententryhole", "pk": 108, "fields": {"tournamentEntry": 7, "tournamentHole": 18, "shotsTaken": 3, "approved": true}}, {"model": "marioGolf.tournamententryhole", "pk": 109, "fields": {"tournamentEntry": 6, "tournamentHole": 1, "shotsTaken": 3, "approved": true}}, {"model": "marioGolf.tournamententryhole", "pk": 110, "fields": {"tournamentEntry": 6, "tournamentHole": 2, "shotsTaken": 3, "approved": true}}, {"model": "marioGolf.tournamententryhole", "pk": 111, "fields": {"tournamentEntry": 6, "tournamentHole": 3, "shotsTaken": 2, "approved": true}}, {"model": "marioGolf.tournamententryhole", "pk": 112, "fields": {"tournamentEntry": 6, "tournamentHole": 4, "shotsTaken": 3, "approved": true}}, {"model": "marioGolf.tournamententryhole", "pk": 113, "fields": {"tournamentEntry": 6, "tournamentHole": 5, "shotsTaken": 3, "approved": true}}, {"model": "marioGolf.tournamententryhole", "pk": 114, "fields": {"tournamentEntry": 6, "tournamentHole": 6, "shotsTaken": 3, "approved": true}}, {"model": "marioGolf.tournamententryhole", "pk": 115, "fields": {"tournamentEntry": 6, "tournamentHole": 7, "shotsTaken": 4, "approved": true}}, {"model": "marioGolf.tournamententryhole", "pk": 116, "fields": {"tournamentEntry": 6, "tournamentHole": 8, "shotsTaken": 2, "approved": true}}, {"model": "marioGolf.tournamententryhole", "pk": 117, "fields": {"tournamentEntry": 6, "tournamentHole": 9, "shotsTaken": 6, "approved": true}}, {"model": "marioGolf.tournamententryhole", "pk": 118, "fields": {"tournamentEntry": 6, "tournamentHole": 10, "shotsTaken": 3, "approved": true}}, {"model": "marioGolf.tournamententryhole", "pk": 119, "fields": {"tournamentEntry": 6, "tournamentHole": 11, "shotsTaken": 4, "approved": true}}, {"model": "marioGolf.tournamententryhole", "pk": 120, "fields": {"tournamentEntry": 6, "tournamentHole": 12, "shotsTaken": 3, "approved": true}}, {"model": "marioGolf.tournamententryhole", "pk": 121, "fields": {"tournamentEntry": 6, "tournamentHole": 13, "shotsTaken": 3, "approved": true}}, {"model": "marioGolf.tournamententryhole", "pk": 122, "fields": {"tournamentEntry": 6, "tournamentHole": 14, "shotsTaken": 4, "approved": true}}, {"model": "marioGolf.tournamententryhole", "pk": 123, "fields": {"tournamentEntry": 6, "tournamentHole": 15, "shotsTaken": 4, "approved": true}}, {"model": "marioGolf.tournamententryhole", "pk": 124, "fields": {"tournamentEntry": 6, "tournamentHole": 16, "shotsTaken": 2, "approved": true}}, {"model": "marioGolf.tournamententryhole", "pk": 125, "fields": {"tournamentEntry": 6, "tournamentHole": 17, "shotsTaken": 3, "approved": true}}, {"model": "marioGolf.tournamententryhole", "pk": 126, "fields": {"tournamentEntry": 6, "tournamentHole": 18, "shotsTaken": 4, "approved": true}}, {"model": "marioGolf.tournamententryhole", "pk": 127, "fields": {"tournamentEntry": 8, "tournamentHole": 1, "shotsTaken": 3, "approved": true}}, {"model": "marioGolf.tournamententryhole", "pk": 128, "fields": {"tournamentEntry": 8, "tournamentHole": 2, "shotsTaken": 3, "approved": true}}, {"model": "marioGolf.tournamententryhole", "pk": 129, "fields": {"tournamentEntry": 8, "tournamentHole": 3, "shotsTaken": 1, "approved": true}}, {"model": "marioGolf.tournamententryhole", "pk": 130, "fields": {"tournamentEntry": 8, "tournamentHole": 4, "shotsTaken": 3, "approved": true}}, {"model": "marioGolf.tournamententryhole", "pk": 131, "fields": {"tournamentEntry": 8, "tournamentHole": 5, "shotsTaken": 3, "approved": true}}, {"model": "marioGolf.tournamententryhole", "pk": 132, "fields": {"tournamentEntry": 8, "tournamentHole": 6, "shotsTaken": 3, "approved": true}}, {"model": "marioGolf.tournamententryhole", "pk": 133, "fields": {"tournamentEntry": 8, "tournamentHole": 7, "shotsTaken": 4, "approved": true}}, {"model": "marioGolf.tournamententryhole", "pk": 134, "fields": {"tournamentEntry": 8, "tournamentHole": 8, "shotsTaken": 2, "approved": true}}, {"model": "marioGolf.tournamententryhole", "pk": 135, "fields": {"tournamentEntry": 8, "tournamentHole": 9, "shotsTaken": 5, "approved": true}}, {"model": "marioGolf.tournamententryhole", "pk": 136, "fields": {"tournamentEntry": 8, "tournamentHole": 10, "shotsTaken": 3, "approved": true}}, {"model": "marioGolf.tournamententryhole", "pk": 137, "fields": {"tournamentEntry": 8, "tournamentHole": 11, "shotsTaken": 3, "approved": true}}, {"model": "marioGolf.tournamententryhole", "pk": 138, "fields": {"tournamentEntry": 8, "tournamentHole": 12, "shotsTaken": 3, "approved": true}}, {"model": "marioGolf.tournamententryhole", "pk": 139, "fields": {"tournamentEntry": 8, "tournamentHole": 13, "shotsTaken": 3, "approved": true}}, {"model": "marioGolf.tournamententryhole", "pk": 140, "fields": {"tournamentEntry": 8, "tournamentHole": 14, "shotsTaken": 3, "approved": true}}, {"model": "marioGolf.tournamententryhole", "pk": 141, "fields": {"tournamentEntry": 8, "tournamentHole": 15, "shotsTaken": 3, "approved": true}}, {"model": "marioGolf.tournamententryhole", "pk": 142, "fields": {"tournamentEntry": 8, "tournamentHole": 16, "shotsTaken": 4, "approved": true}}, {"model": "marioGolf.tournamententryhole", "pk": 143, "fields": {"tournamentEntry": 8, "tournamentHole": 17, "shotsTaken": 3, "approved": true}}, {"model": "marioGolf.tournamententryhole", "pk": 144, "fields": {"tournamentEntry": 8, "tournamentHole": 18, "shotsTaken": 4, "approved": true}}]